,feature,Light Gradient Boosting Machine,Extreme Gradient Boosting,Logistic Regression,mean_imp
0,1,0.0,0.0,0.0,0.0
1,2,0.0,0.0,0.0,0.0
2,3,0.0,0.0,0.0,0.0
3,4,0.0,0.0,0.0,0.0
4,5,0.0,0.0,0.0,0.0
5,6,0.0,0.0,0.0,0.0
6,7,0.0,0.0,0.0,0.0
7,8,0.0,0.0,0.0,0.0
8,9,0.0,0.0,0.0,0.0
9,10,0.0,0.0,0.0,0.0
10,11,0.0,0.0,0.0,0.0
11,12,0.0,0.0,0.0,0.0
12,13,0.0,0.0,0.0,0.0
13,14,0.0,0.0,0.0,0.0
14,15,0.0,0.0,0.0,0.0
15,16,0.0,0.0,0.0,0.0
16,17,0.0,0.0,0.0,0.0
17,18,0.0,0.0,0.0,0.0
18,19,0.0,0.0,0.0,0.0
19,20,0.0,0.0,0.0,0.0
20,21,0.0,0.0,0.0,0.0
21,22,0.0,0.0,0.0,0.0
22,23,0.0,0.0,0.0,0.0
23,24,0.0,0.0,0.0,0.0
24,25,0.0,0.0,0.0,0.0
25,26,0.0,0.0,0.0,0.0
26,27,0.0,0.0,0.0,0.0
27,28,0.0,0.0,0.0,0.0
28,29,0.0,0.0,0.0,0.0
29,30,0.0,0.0,0.0,0.0
30,31,0.0,0.0,0.0,0.0
31,32,0.0,0.0,0.0,0.0
32,33,0.0,0.0,0.0,0.0
33,34,0.0,0.0,0.0,0.0
34,35,0.0,0.0,0.0,0.0
35,36,0.0,0.0,0.0,0.0
36,37,0.0,0.0,0.0,0.0
37,38,0.0,0.0,0.0,0.0
38,39,0.0,0.0,0.0,0.0
39,40,0.0,0.0,0.0,0.0
40,41,0.0,0.0,0.0,0.0
41,42,0.0,0.0,0.0,0.0
42,43,0.0,0.0,0.0,0.0
43,44,0.0,0.0,0.0,0.0
44,45,0.0,0.0,0.0,0.0
45,46,0.0,0.0,0.0,0.0
46,47,0.0,0.0,0.0,0.0
47,48,0.0,0.0,0.0,0.0
48,49,0.0,0.0,0.0,0.0
49,50,0.0,0.0,0.0,0.0
50,51,0.34684684684684686,0.527617,0.6806719296132582,0.5183785847172518
51,52,0.0,0.0,0.0,0.0
52,53,0.0,0.0,0.0,0.0
53,54,0.0,0.0,0.0,0.0
54,55,0.0,0.0,0.0,0.0
55,56,0.0,0.0,0.0,0.0
56,57,0.0,0.0,0.0,0.0
57,58,0.0,0.0,0.0,0.0
58,59,0.24624624624624625,0.15861034,0.31143869374158395,0.2387650946403119
59,60,0.0,0.0,0.0,0.0
60,61,0.2012012012012012,0.21447498,0.38161916564115766,0.2657651143017112
61,62,0.13213213213213212,0.08704688,0.31039400612260454,0.17652433826815248
62,63,0.24624624624624625,0.15861034,0.31143869374158395,0.2387650946403119
63,64,0.0,0.0,0.0,0.0
64,65,0.0,0.0,0.0,0.0
65,66,0.11861861861861862,0.27980438,0.3322011700687604,0.24354138914510637
66,67,0.0,0.0,0.0,0.0
67,68,0.0,0.0,0.0,0.0
68,69,0.0,0.0,0.0,0.0
69,70,0.0,0.0,0.0,0.0
70,71,0.0,0.0,0.0,0.0
71,72,0.0,0.0,0.0,0.0
72,73,0.0,0.0,0.0,0.0
73,74,0.0,0.0,0.0,0.0
74,75,0.0,0.0,0.0,0.0
75,76,0.0,0.0,0.0,0.0
76,77,0.0,0.0,0.0,0.0
77,78,0.0,0.0,0.0,0.0
78,79,0.0,0.0,0.0,0.0
79,80,0.0,0.0,0.0,0.0
80,81,0.0,0.0,0.0,0.0
81,82,0.0,0.0,0.0,0.0
82,83,0.0,0.0,0.0,0.0
83,84,0.0,0.0,0.0,0.0
84,85,0.0,0.0,0.0,0.0
85,86,0.0,0.0,0.0,0.0
86,87,0.0,0.0,0.0,0.0
87,88,0.12312312312312312,0.07930517,0.15571934687079197,0.11938254732015595
88,89,0.12312312312312312,0.07930517,0.15571934687079197,0.11938254732015595
89,90,0.07807807807807808,0.13516982,0.22589981877036566,0.14638257194860896
90,91,0.36486486486486486,0.17304744,0.5097594500726651,0.34922391773380773
91,92,0.3033033033033033,0.53011125,0.49034163543656883,0.4412520640004794
92,93,0.08708708708708708,0.052013095,0.13630339235548555,0.09180119163695177
93,94,0.2147147147147147,0.031169668,0.3810328492219492,0.2089724105922226
94,95,0.0,0.0,0.0,0.0
95,96,0.0,0.0,0.0,0.0
96,97,0.0,0.0,0.0,0.0
97,98,0.0,0.0,0.0,0.0
98,99,0.0,0.0,0.0,0.0
99,100,0.0,0.0,0.0,0.0
100,101,0.0,0.0,0.0,0.0
101,102,0.0,0.0,0.0,0.0
102,103,0.0,0.0,0.0,0.0
103,104,0.3123123123123123,0.032545306,0.3436630014679465,0.22950687318959195
104,105,0.25975975975975973,0.6669038,0.43888381981303803,0.4551824577948653
105,106,0.37987987987987987,0.31875396,0.8789597120853943,0.5258645165712291
106,107,0.12312312312312312,0.07930517,0.15571934687079197,0.11938254732015595
107,108,0.18468468468468469,0.3542622,0.35407295675083406,0.29767328147121763
108,109,0.13513513513513514,0.040711477,0.4668589655685468,0.21423519270085145
109,110,0.12312312312312312,0.07930517,0.15571934687079197,0.11938254732015595
110,111,0.052552552552552555,0.04117674,0.16196150609850066,0.0852302662437238
111,112,0.12312312312312312,0.07930517,0.15571934687079197,0.11938254732015595
112,113,0.25675675675675674,0.023541199,0.6253321302431043,0.3018766953477514
113,114,0.24624624624624625,0.15861034,0.31143869374158395,0.2387650946403119
114,115,0.25675675675675674,0.18300755,0.5287433141924387,0.3228358747229969
115,116,0.8933933933933934,0.16635555,1.0,0.6865829812275158
116,117,0.6216216216216216,0.048057247,0.7376442999995829,0.4691077228581511
117,118,0.0,0.0,0.0,0.0
118,119,0.2732732732732733,0.092203215,0.42035023339704736,0.2619422404783052
119,120,0.009009009009009009,0.06496556,0.10035392400339856,0.05810949801490093
120,121,0.3078078078078078,0.17112815,0.4816798589105008,0.3202052735064243
121,122,0.0,0.0,0.0,0.0
122,123,0.22822822822822822,0.122686364,0.4591507481684216,0.27002178005110217
123,124,0.12312312312312312,0.07930517,0.15571934687079197,0.11938254732015595
124,125,0.0,0.0,0.0,0.0
125,126,0.0,0.0,0.0,0.0
126,127,0.12312312312312312,0.07930517,0.15571934687079197,0.11938254732015595
127,128,0.0,0.0,0.0,0.0
128,129,0.4219219219219219,0.23279293,0.6898207973465754,0.4481785493611284
129,130,0.0,0.0,0.0,0.0
130,131,0.0,0.0,0.0,0.0
131,132,0.6201201201201201,0.6311477,0.6892761623289415,0.6468479883719467
132,133,0.5675675675675675,0.44343546,0.7893689431282547,0.600123990341626
133,134,0.24624624624624625,0.15861034,0.31143869374158395,0.2387650946403119
134,135,0.0,0.0,0.0,0.0
135,136,0.0,0.0,0.0,0.0
136,137,0.0,0.0,0.0,0.0
137,138,0.0,0.0,0.0,0.0
138,139,0.0,0.0,0.0,0.0
139,140,0.12312312312312312,0.07930517,0.15571934687079197,0.11938254732015595
140,141,0.0,0.0,0.0,0.0
141,142,0.0,0.0,0.0,0.0
142,143,0.0,0.0,0.0,0.0
143,144,0.0,0.0,0.0,0.0
144,145,0.0,0.0,0.0,0.0
145,146,0.0,0.0,0.0,0.0
146,147,0.12312312312312312,0.07930517,0.15571934687079197,0.11938254732015595
147,148,0.0,0.0,0.0,0.0
148,149,0.14264264264264265,0.4927058,0.2637688170620446,0.29970575063111055
149,150,0.12312312312312312,0.07930517,0.15571934687079197,0.11938254732015595
150,151,0.35435435435435436,0.15688841,0.3988520929424771,0.3033649525819531
151,152,0.25375375375375375,0.089113526,0.38428266941822187,0.2423833164060839
152,153,0.29429429429429427,0.10054906,0.4968423937408696,0.297228581720403
153,154,0.3333333333333333,0.09291616,0.4972964537187018,0.3078486492913166
154,155,0.24624624624624625,0.15861034,0.31143869374158395,0.2387650946403119
155,156,0.24624624624624625,0.15861034,0.31143869374158395,0.2387650946403119
156,157,0.24624624624624625,0.15861034,0.31143869374158395,0.2387650946403119
157,158,0.4189189189189189,0.3428557,0.8818391242180922,0.5478712450156004
158,159,0.4174174174174174,0.17679344,0.5758740846290233,0.3900283144076184
159,160,0.24624624624624625,0.15861034,0.31143869374158395,0.2387650946403119
160,161,0.12312312312312312,0.07930517,0.15571934687079197,0.11938254732015595
161,162,0.14864864864864866,0.079399176,0.2722336826270544,0.1667605024058824
162,163,0.45045045045045046,0.5063548,0.9492972275015433,0.6353674955864556
163,164,0.24624624624624625,0.15861034,0.31143869374158395,0.2387650946403119
164,165,0.33933933933933935,0.04385379,0.5472265448263782,0.310139891244555
165,166,0.0,0.0,0.0,0.0
166,167,0.0,0.0,0.0,0.0
167,168,0.3888888888888889,0.20242645,0.6035574792268744,0.39829093886005235
168,169,0.0,0.0,0.0,0.0
169,170,0.0,0.0,0.0,0.0
170,171,0.0,0.0,0.0,0.0
171,172,0.0,0.0,0.0,0.0
172,173,0.0,0.0,0.0,0.0
173,174,0.0,0.0,0.0,0.0
174,175,0.0,0.0,0.0,0.0
175,176,0.5135135135135135,0.08645746,0.4548966728840965,0.3516225491721027
176,177,0.15315315315315314,0.013287791,0.2230393642365584,0.12982676948022737
177,178,0.42492492492492495,0.35640797,0.723979060136202,0.5017706517503917
178,179,0.4159159159159159,0.43047076,0.8309860195020164,0.5591242333516419
179,180,0.0,0.0,0.0,0.0
180,181,0.0,0.0,0.0,0.0
181,182,0.0015015015015015015,0.08960034,0.1339897053480318,0.07503051546047727
182,183,0.46546546546546547,0.42721704,0.5271155623864004,0.473266021445846
183,184,0.1996996996996997,0.0029735214,0.1988833084985786,0.13385217651980194
184,185,0.0,0.0,0.0,0.0
185,186,0.4594594594594595,0.06944635,0.5970248763308156,0.37531022781471357
186,187,0.5495495495495496,0.3007916,0.7313684846990682,0.5272365418848288
187,188,0.2957957957957958,0.16754158,0.4592795844803784,0.30753898622941006
188,189,0.0,0.0,0.0,0.0
189,190,0.22972972972972974,0.08251646,0.27729042758378386,0.19651220630810254
190,191,0.6141141141141141,0.38200295,0.6963899716141259,0.5641690118143002
191,192,0.0,0.0,0.0,0.0
192,193,0.12312312312312312,0.07930517,0.15571934687079197,0.11938254732015595
193,194,0.0,0.0,0.0,0.0
194,195,1.0,0.102327615,0.5213781565247649,0.5412352571824748
195,196,0.12312312312312312,0.07930517,0.15571934687079197,0.11938254732015595
196,197,0.24624624624624625,0.15861034,0.31143869374158395,0.2387650946403119
197,198,0.25225225225225223,0.16815145,0.4735736581243465,0.2979924545046655
198,199,0.12312312312312312,0.07930517,0.15571934687079197,0.11938254732015595
199,200,0.0,0.0,0.0,0.0
200,201,0.5885885885885885,0.12998363,0.9162744104702162,0.5449488776051474
201,202,0.12312312312312312,0.07930517,0.15571934687079197,0.11938254732015595
202,203,0.21171171171171171,0.12613809,0.5239025496028906,0.28725078413398125
203,204,0.12312312312312312,0.07930517,0.15571934687079197,0.11938254732015595
204,205,0.0,0.0,0.0,0.0
205,206,0.0,0.0,0.0,0.0
206,207,0.0,0.0,0.0,0.0
207,208,0.12312312312312312,0.07930517,0.15571934687079197,0.11938254732015595
208,209,0.12312312312312312,0.07930517,0.15571934687079197,0.11938254732015595
209,210,0.0,0.0,0.0,0.0
210,211,0.0,0.0,0.0,0.0
211,212,0.23873873873873874,0.092362694,0.34021426309193686,0.22377189875764927
212,213,0.0,0.0,0.0,0.0
213,214,0.0,0.0,0.0,0.0
214,215,0.1066066066066066,0.2582818,0.209588679780467,0.1914923611859042
215,216,0.22522522522522523,0.013881423,0.3229260963381109,0.18734424804754155
216,217,0.0,0.0,0.0,0.0
217,218,0.12312312312312312,0.07930517,0.15571934687079197,0.11938254732015595
218,219,0.0,0.0,0.0,0.0
219,220,0.0,0.0,0.0,0.0
220,221,0.0,0.0,0.0,0.0
221,222,0.2822822822822823,0.28359523,0.49040071278473674,0.35209274307422467
222,223,0.24624624624624625,0.15861034,0.31143869374158395,0.2387650946403119
223,224,0.0,0.0,0.0,0.0
224,225,0.01951951951951952,0.41340062,0.10804947019125265,0.1803232033109546
225,226,0.0915915915915916,0.18466504,0.1614670937596166,0.14590790817763916
226,227,0.0,0.0,0.0,0.0
227,228,0.0,0.0,0.0,0.0
228,229,0.0,0.0,0.0,0.0
229,230,0.5330330330330331,0.1652443,0.5133270458560272,0.40386812502739433
230,231,0.0,0.0,0.0,0.0
231,232,0.0,0.0,0.0,0.0
232,233,0.24624624624624625,0.15861034,0.31143869374158395,0.2387650946403119
233,234,0.16816816816816818,0.08026691,0.24952537134182165,0.16598681577371824
234,235,0.0,0.0,0.0,0.0
235,236,0.0,0.0,0.0,0.0
236,237,0.28678678678678676,0.43885082,0.6574965016838441,0.46104470284505855
237,238,0.2147147147147147,0.09516525,0.4474881675047542,0.25245604496833857
238,239,0.24624624624624625,0.15861034,0.31143869374158395,0.2387650946403119
239,240,0.33483483483483484,0.9639004,0.5368694144153457,0.6118682121791069
240,241,0.31681681681681684,0.18040262,0.5989617832556883,0.36539374056645296
241,242,0.18018018018018017,0.11478861,0.5500007958238776,0.2816565275889813
242,243,0.0,0.0,0.0,0.0
243,244,0.0,0.0,0.0,0.0
244,245,0.6276276276276276,0.029734164,0.5556470047241256,0.4043362656093826
245,246,0.2732732732732733,0.17459898,0.49351070710137107,0.3137943191147878
246,247,0.12312312312312312,0.07930517,0.15571934687079197,0.11938254732015595
247,248,0.44594594594594594,0.12778392,0.4572296812046219,0.34365318383058985
248,249,0.3933933933933934,0.10964535,0.5729774374987008,0.35867206088654474
249,250,0.24624624624624625,0.15861034,0.31143869374158395,0.2387650946403119
250,251,0.2087087087087087,1.0,0.381829541062717,0.5301794165904753
251,252,0.3183183183183183,0.11510536,0.6515992364929719,0.3616743051858913
252,253,0.0,0.0,0.0,0.0
253,254,0.0,0.0,0.0,0.0
254,255,0.12312312312312312,0.07930517,0.15571934687079197,0.11938254732015595
255,256,0.2672672672672673,0.08466347,0.36872465841588187,0.240218466250939
256,257,0.0,0.0,0.0,0.0
257,258,0.0,0.0,0.0,0.0
258,259,0.0,0.0,0.0,0.0
259,260,0.0,0.0,0.0,0.0
260,261,0.0,0.0,0.0,0.0
261,262,0.01951951951951952,0.41340062,0.10804947019125265,0.1803232033109546
262,263,0.06156156156156156,0.026053047,0.2454386838025882,0.1110177640572655
263,264,0.0,0.0,0.0,0.0
264,265,0.0,0.0,0.0,0.0
265,266,0.0,0.0,0.0,0.0
266,267,0.24624624624624625,0.15861034,0.31143869374158395,0.2387650946403119
267,268,0.0,0.0,0.0,0.0
268,269,0.021021021021021023,0.018470187,0.09218127041122257,0.04389082605746786
269,270,0.02252252252252252,0.030633181,0.1820804138258371,0.07841203922730049
270,271,0.0,0.0,0.0,0.0
271,272,0.0,0.0,0.0,0.0
272,273,0.22972972972972974,0.33758697,0.36530802665125894,0.31087490850606014
273,274,0.0,0.0,0.0,0.0
274,275,0.12312312312312312,0.07930517,0.15571934687079197,0.11938254732015595
275,276,0.0,0.0,0.0,0.0
276,277,0.0,0.0,0.0,0.0
277,278,0.0,0.0,0.0,0.0
278,279,0.0,0.0,0.0,0.0
279,280,0.25825825825825827,0.25358123,0.40554103409544634,0.30579350607524813
280,281,0.3183183183183183,0.38867298,0.5567341683921511,0.4212418214654659
281,282,0.28678678678678676,0.11986307,0.4832109236290576,0.2966202603211417
282,283,0.2927927927927928,0.77382153,0.55899031416752,0.5418682132288669
283,284,0.12312312312312312,0.07930517,0.15571934687079197,0.11938254732015595
284,285,0.0,0.0,0.0,0.0
285,286,0.12312312312312312,0.07930517,0.15571934687079197,0.11938254732015595
286,287,0.12312312312312312,0.07930517,0.15571934687079197,0.11938254732015595
287,288,0.24624624624624625,0.15861034,0.31143869374158395,0.2387650946403119
288,289,0.2672672672672673,0.1452639,0.6572883725433508,0.3566065117343453
289,290,0.24624624624624625,0.15861034,0.31143869374158395,0.2387650946403119
290,291,0.12312312312312312,0.07930517,0.15571934687079197,0.11938254732015595
291,292,0.0,0.0,0.0,0.0
292,293,0.5585585585585585,0.23267046,0.6498922682191862,0.48037376098292683
293,294,0.24624624624624625,0.15861034,0.31143869374158395,0.2387650946403119
294,295,0.12312312312312312,0.07930517,0.15571934687079197,0.11938254732015595
295,296,0.0,0.0,0.0,0.0
296,297,0.527027027027027,0.07152553,0.7505769442875079,0.44970983344717336
297,298,0.5585585585585585,0.022771765,0.4614374451922683,0.3475892560991532
298,299,0.0,0.0,0.0,0.0
299,300,0.03753753753753754,0.010976143,0.14325282024965869,0.06392216698950674
300,301,0.44294294294294295,0.32469934,0.8498272720521358,0.5391565190819676
301,302,0.27627627627627627,0.17767625,0.5185650595994213,0.3241725271486268
302,303,0.012012012012012012,0.021522587,0.12261249028829341,0.0520490298218473
303,304,0.21771771771771772,0.10654119,0.5972345737342991,0.30716449267437934
304,305,0.0,0.0,0.0,0.0
305,306,0.12312312312312312,0.07930517,0.15571934687079197,0.11938254732015595
306,307,0.0,0.0,0.0,0.0
307,308,0.12312312312312312,0.07930517,0.15571934687079197,0.11938254732015595
308,309,0.3963963963963964,0.1030213,0.49368416317516306,0.33103395363356514
309,310,0.0,0.0,0.0,0.0
310,311,0.2987987987987988,0.10461861,0.43653137987506174,0.2799829292084764
311,312,0.33483483483483484,0.49511155,0.5761839672685386,0.46871011898814735
312,313,0.20270270270270271,0.22712399,0.42031418323895314,0.28338029219886707
313,314,0.12312312312312312,0.07930517,0.15571934687079197,0.11938254732015595
314,315,0.24624624624624625,0.15861034,0.31143869374158395,0.2387650946403119
315,316,0.15615615615615616,0.09535755,0.271169084357495,0.17422759756146822
316,317,0.12312312312312312,0.07930517,0.15571934687079197,0.11938254732015595
317,318,0.0,0.0,0.0,0.0
318,319,0.0,0.0,0.0,0.0
319,320,0.1066066066066066,0.2582818,0.209588679780467,0.1914923611859042
320,321,0.0,0.0,0.0,0.0
321,322,0.0,0.0,0.0,0.0
322,323,0.0,0.0,0.0,0.0
323,324,0.0,0.0,0.0,0.0
324,325,0.0,0.0,0.0,0.0
325,326,0.0,0.0,0.0,0.0
326,327,0.0,0.0,0.0,0.0
327,328,0.0,0.0,0.0,0.0
328,329,0.0,0.0,0.0,0.0
329,330,0.0,0.0,0.0,0.0
330,331,0.0,0.0,0.0,0.0
331,332,0.0,0.0,0.0,0.0
332,333,0.0,0.0,0.0,0.0
333,334,0.0,0.0,0.0,0.0
334,335,0.0,0.0,0.0,0.0
335,336,0.0,0.0,0.0,0.0
336,337,0.0,0.0,0.0,0.0
337,338,0.0,0.0,0.0,0.0
338,339,0.1066066066066066,0.2582818,0.209588679780467,0.1914923611859042
339,340,0.0,0.0,0.0,0.0
340,341,0.0,0.0,0.0,0.0
341,342,0.0,0.0,0.0,0.0
342,343,0.1066066066066066,0.2582818,0.209588679780467,0.1914923611859042
343,344,0.0,0.0,0.0,0.0
344,345,0.0,0.0,0.0,0.0
345,346,0.32432432432432434,0.14425904,0.4444741445149076,0.30435250147551424
346,347,0.0,0.0,0.0,0.0
347,348,0.0,0.0,0.0,0.0
348,349,0.24624624624624625,0.15861034,0.31143869374158395,0.2387650946403119
349,350,0.0,0.0,0.0,0.0
350,351,0.0,0.0,0.0,0.0
351,352,0.0,0.0,0.0,0.0
352,353,0.4744744744744745,0.022660403,0.20671404771917704,0.23461630825824908
353,354,0.0,0.0,0.0,0.0
354,355,0.0,0.0,0.0,0.0
355,356,0.22972972972972974,0.33758697,0.36530802665125894,0.31087490850606014
356,357,0.0,0.0,0.0,0.0
357,358,0.0,0.0,0.0,0.0
358,359,0.24624624624624625,0.15861034,0.31143869374158395,0.2387650946403119
359,360,0.12312312312312312,0.07930517,0.15571934687079197,0.11938254732015595
360,361,0.39039039039039036,0.032658625,0.49399301459286626,0.3056806767924542
361,362,0.17417417417417416,0.16063893,0.27854690303161067,0.20445333520639197
362,363,0.6411411411411412,0.104668476,0.684389433355718,0.47673301672812096
363,364,0.0,0.0,0.0,0.0
364,365,0.12312312312312312,0.07930517,0.15571934687079197,0.11938254732015595
365,366,0.515015015015015,0.08331409,0.8045424215137469,0.46762384249864675
366,367,0.0,0.0,0.0,0.0
367,368,0.0,0.0,0.0,0.0
368,369,0.0,0.0,0.0,0.0
369,370,0.47897897897897895,0.04061685,0.5882046821226066,0.3692668374671955
370,371,0.3993993993993994,0.20162988,0.6269789152347317,0.40933606390819505
371,372,0.0,0.0,0.0,0.0
372,373,0.35285285285285284,0.41689214,0.521027373522051,0.43025745582621616
373,374,0.0,0.0,0.0,0.0
374,375,0.24624624624624625,0.15861034,0.31143869374158395,0.2387650946403119
375,376,0.24624624624624625,0.15861034,0.31143869374158395,0.2387650946403119
376,377,0.3588588588588589,0.2724131,0.6115787887436074,0.4142835841250114
377,378,0.0,0.0,0.0,0.0
378,379,0.24624624624624625,0.15861034,0.31143869374158395,0.2387650946403119
379,380,0.24624624624624625,0.15861034,0.31143869374158395,0.2387650946403119
380,381,0.3483483483483483,0.18317659,0.47814087589306853,0.3365552720779317
381,382,0.3888888888888889,0.4460801,0.8299528611324122,0.5549739462122395
382,383,0.12312312312312312,0.07930517,0.15571934687079197,0.11938254732015595
383,384,0.12312312312312312,0.07930517,0.15571934687079197,0.11938254732015595
384,385,0.24624624624624625,0.15861034,0.31143869374158395,0.2387650946403119
385,386,0.31681681681681684,0.43222365,0.7672168494219488,0.5054191046905454
386,387,0.2777777777777778,0.16229859,0.4531098453730332,0.2977287376985502
387,388,0.24624624624624625,0.15861034,0.31143869374158395,0.2387650946403119
388,389,0.2777777777777778,0.13767152,0.379709162036107,0.26505281838648603
389,390,0.21771771771771772,0.09569405,0.37263405926437454,0.22868194239164175
390,391,0.0,0.0,0.0,0.0
391,392,0.8273273273273273,0.03045138,0.6973877536114068,0.5183888202183767
392,393,0.0,0.0,0.0,0.0
393,394,0.0,0.0,0.0,0.0
394,395,0.12312312312312312,0.07930517,0.15571934687079197,0.11938254732015595
395,396,0.0,0.0,0.0,0.0
396,397,0.31681681681681684,0.02070805,0.35216125423244754,0.22989537387603232
397,398,0.21921921921921922,0.015729558,0.35882880165924785,0.197925859533758
398,399,0.3078078078078078,0.08777654,0.3857965381857401,0.2604602959011493
399,400,0.12312312312312312,0.07930517,0.15571934687079197,0.11938254732015595
400,401,0.018018018018018018,0.05558661,0.13661213733581914,0.07007225511441395
401,402,0.0,0.0,0.0,0.0
402,403,0.0,0.0,0.0,0.0
403,404,0.15465465465465467,0.028916156,0.3914393894991334,0.19167006669107356
404,405,0.0,0.0,0.0,0.0
405,406,0.0,0.0,0.0,0.0
406,407,0.22672672672672672,0.11409562,0.307433108480476,0.2160851520060628
407,408,0.24024024024024024,0.09292121,0.346096394556294,0.22641928237069786
408,409,0.1891891891891892,0.012000167,0.18277352386268803,0.1279876266209754
409,410,0.0,0.0,0.0,0.0
410,411,0.0,0.0,0.0,0.0
411,412,0.0,0.0,0.0,0.0
412,413,0.0,0.0,0.0,0.0
413,414,0.0,0.0,0.0,0.0
414,415,0.0,0.0,0.0,0.0
415,416,0.0,0.0,0.0,0.0
416,417,0.32732732732732733,0.33879313,0.6056002977806131,0.4239069179456023
417,418,0.0,0.0,0.0,0.0
418,419,0.12312312312312312,0.07930517,0.15571934687079197,0.11938254732015595
419,420,0.44894894894894893,0.15603022,0.5317413974590827,0.3789068563938612
420,421,0.26126126126126126,0.16202888,0.41905777349525686,0.28078263789458296
421,422,0.06606606606606606,0.059064627,0.1630682768448487,0.09606632320154679
422,423,0.24624624624624625,0.15861034,0.31143869374158395,0.2387650946403119
423,424,0.0,0.0,0.0,0.0
424,425,0.0,0.0,0.0,0.0
425,426,0.0,0.0,0.0,0.0
426,427,0.01951951951951952,0.41340062,0.10804947019125265,0.1803232033109546
427,428,0.0,0.0,0.0,0.0
428,429,0.0,0.0,0.0,0.0
429,430,0.0,0.0,0.0,0.0
430,431,0.0,0.0,0.0,0.0
431,432,0.4114114114114114,0.4683578,0.66150606523131,0.5137584260266997
432,433,0.0,0.0,0.0,0.0
433,434,0.45795795795795796,0.014321101,0.2074352504520482,0.22657143643603106
434,435,0.3768768768768769,0.088636145,0.33207216447338717,0.2658617287819845
435,436,0.0,0.0,0.0,0.0
436,437,0.0,0.0,0.0,0.0
437,438,0.0,0.0,0.0,0.0
438,439,0.0,0.0,0.0,0.0
439,440,0.0,0.0,0.0,0.0
440,441,0.0,0.0,0.0,0.0
441,442,0.0,0.0,0.0,0.0
442,443,0.0,0.0,0.0,0.0
443,444,0.0,0.0,0.0,0.0
444,445,0.0,0.0,0.0,0.0
445,446,0.0,0.0,0.0,0.0
446,447,0.0,0.0,0.0,0.0
447,448,0.0,0.0,0.0,0.0
448,449,0.0,0.0,0.0,0.0
449,450,0.0,0.0,0.0,0.0
450,451,0.0,0.0,0.0,0.0
451,452,0.0,0.0,0.0,0.0
452,453,0.0,0.0,0.0,0.0
453,454,0.0,0.0,0.0,0.0
454,455,0.0,0.0,0.0,0.0
455,456,0.0,0.0,0.0,0.0
456,457,0.0,0.0,0.0,0.0
457,458,0.0,0.0,0.0,0.0
458,459,0.0,0.0,0.0,0.0
459,460,0.0,0.0,0.0,0.0
460,461,0.0,0.0,0.0,0.0
461,462,0.0,0.0,0.0,0.0
462,463,0.0,0.0,0.0,0.0
463,464,0.0,0.0,0.0,0.0
464,465,0.0,0.0,0.0,0.0
465,466,0.0,0.0,0.0,0.0
466,467,0.0,0.0,0.0,0.0
467,468,0.0,0.0,0.0,0.0
468,469,0.0,0.0,0.0,0.0
469,470,0.0,0.0,0.0,0.0
470,471,0.0,0.0,0.0,0.0
471,472,0.0,0.0,0.0,0.0
472,473,0.0,0.0,0.0,0.0
473,474,0.0,0.0,0.0,0.0
474,475,0.0,0.0,0.0,0.0
475,476,0.0,0.0,0.0,0.0
476,477,0.0,0.0,0.0,0.0
477,478,0.0,0.0,0.0,0.0
478,479,0.0,0.0,0.0,0.0
479,480,0.0,0.0,0.0,0.0
480,481,0.0,0.0,0.0,0.0
481,482,0.0,0.0,0.0,0.0
482,483,0.0,0.0,0.0,0.0
483,484,0.0,0.0,0.0,0.0
484,485,0.0,0.0,0.0,0.0
485,486,0.0,0.0,0.0,0.0
486,487,0.0,0.0,0.0,0.0
487,488,0.0,0.0,0.0,0.0
488,489,0.0,0.0,0.0,0.0
489,490,0.0,0.0,0.0,0.0
490,491,0.0,0.0,0.0,0.0
491,492,0.0,0.0,0.0,0.0
492,493,0.0,0.0,0.0,0.0
493,494,0.0,0.0,0.0,0.0
494,495,0.0,0.0,0.0,0.0
495,496,0.0,0.0,0.0,0.0
