feature,p_value,score,gbc,BayesianRidge,xgb,mean
p1_M,0.5303495582205,0.3946256783666601,0.0,0.0,0.0,0.0
p1_P,0.00016423245053801564,14.562926391144448,0.02608939046297107,0.061909967844247536,4.4375112e-05,0.029347911139852356
p1_Q,2.185301664276091e-06,23.312141112985653,0.0038948262455283165,0.017084864936284427,0.0014818008,0.007487163995863352
p2_N,0.5898236142562094,0.2912375748968738,0.0,0.0,0.0,0.0
p3_GAP,0.5898236142561447,0.29123757489697244,0.0,0.0,0.0,0.0
p4_T,0.3913601074409625,0.7368125976857993,0.0,0.0,0.0,0.0
p5_GAP,0.3913601074409079,0.7368125976859691,0.0,0.0,0.0,0.0
p6_GAP,0.3913601074409079,0.7368125976859691,0.0,0.0,0.0,0.0
p7_I,0.33784871072623024,0.9214831138799748,0.0,0.0,0.0,0.0
p7_K,0.38070552706260397,0.7706622541529801,0.0,0.0,0.0,0.0
p7_L,0.14108046992086817,2.1774591936481658,0.0,0.0,0.0,0.0
p7_NDMV,0.5323706882075749,0.39075700207309316,0.0,0.0,0.0,0.0
p7_P,0.1337616640608827,2.26035603094091,0.0,0.0,0.0,0.0
p7_Q,0.001262150142895696,10.594574904381377,0.003195189296653695,0.03410901631874829,0.00025425927,0.012519488295184067
p7_S,3.375730633466583e-05,17.718915000533748,0.08997707411221896,0.16633988862982507,0.0046446044,0.08698718904728144
p8_F,0.8027137836233434,0.06252745563223856,0.0,0.0,0.0,0.0
p8_GAP,0.3913601074409079,0.7368125976859691,0.0,0.0,0.0,0.0
p8_N,0.41312776789843053,0.6716247140439902,0.0,0.0,0.0,0.0
p8_Y,0.7428777344055787,0.10780968674205364,0.0,0.0,0.0,0.0
p9_GAP,0.3913601074409079,0.7368125976859691,0.0,0.0,0.0,0.0
p10_Y,0.3913601074409625,0.7368125976857993,0.0,0.0,0.0,0.0
p11_I,0.014171857228112514,6.086627040577168,0.0008971841185912951,0.026810559627276295,0.0001555878,0.009287777180973582
p11_V,0.08636495319994814,2.9600107544499954,0.0,0.0,0.0,0.0
p12_P,0.3913601074409625,0.7368125976857993,0.0,0.0,0.0,0.0
p13_L,0.174085964019081,1.8560837793508478,0.0,0.0,0.0,0.0
p13_M,0.6593650718133602,0.19467789645460218,0.0,0.0,0.0,0.0
p14_N,2.0027480560612554e-20,99.29946878973786,0.0011221278264313774,0.12900241923267367,0.33171505,0.1539465314728572
p14_S,0.00018252961688883075,14.354447894013157,0.0012699485950139321,0.028013578219444477,0.00033438706,0.009872637959169062
p14_TLIE,0.25342541419801806,1.3092788046531443,0.0,0.0,0.0,0.0
p14_V,0.8849801941901759,0.020961364877358044,0.0,0.0,0.0,0.0
p16_K,0.17572175056932196,1.8420148229820257,0.0,0.0,0.0,0.0
p16_R,0.008079136003646308,7.10922755128437,0.15581358698278105,0.05127763358518459,3.8323655e-05,0.06904318140756688
p16_T,0.7757085602455782,0.08132157705205284,0.0,0.0,0.0,0.0
p19_L,3.3738474061881336e-19,91.94966896533782,0.11648878091061796,0.11701650170668162,0.0011052194,0.07820350065862597
p19_V,1.0601398453773177e-09,39.6527631834039,0.049719200243751954,0.0364286225313086,0.000541194,0.028896338922630455
p22_S,0.857291761055425,0.032391157157150255,0.0,0.0,0.0,0.0
p24_Y,0.12579580444601218,2.356576184248896,0.0,0.0,0.0,0.0
p25_E,1.427121156648347e-05,19.46090721375499,0.031064918856852395,0.23407220305416798,0.001184969,0.08877403029577478
p26_Y,0.10264515710487257,2.680082791715962,0.0,0.0,0.0,0.0
p27_T,1.9570445290528194e-07,28.365737437416335,0.00413777216001807,0.011571961652910735,0.00013615667,0.005281963493744424
p29_Y,0.570483297385682,0.3225753309321412,0.0,0.0,0.0,0.0
p31_M,3.3092161504128455e-11,47.40876036375831,0.010541273482116639,0.16773791297821924,0.0,0.05942639548677863
p32_V,7.095258451729975e-06,20.886654333172853,0.001233334408698129,0.16670868097899588,0.00021205233,0.05605135590513039
p33_E,0.876225430567466,0.024300806197993005,0.0,0.0,0.0,0.0
p33_N,0.45743573997531706,0.5535739447750608,0.0,0.0,0.0,0.0
p33_PA,0.03023990482986372,4.739893295106826,0.12158423903133553,0.10592099173404382,0.00010294402,0.07586939159421695
p33_S,0.24949366930356504,1.3312250853289604,0.0,0.0,0.0,0.0
p35_I,5.762373240893227e-12,51.39541849894879,0.010541273482116639,0.16773791297821924,0.0,0.05942639548677863
p35_W,1.7356475418057076e-05,19.063461748393884,0.005536143428983256,0.09636446548186148,0.0006934502,0.034198019709016224
p36_K,0.0018370714898465015,9.878646908626731,0.0,0.010982554749004007,0.00014687484,0.0037098098622713933
p36_M,3.431000496747741e-09,37.07128271125616,0.010541273482116639,0.16773791297821924,0.0,0.05942639548677863
p36_Q,0.14245547082385374,2.16242640884178,0.0,0.0,0.0,0.0
p37_Y,2.697270772576117e-07,27.68756536885362,0.012287434788847154,0.2229088498937153,0.001126991,0.07877442522846095
p38_FRTNG,0.049753489692324175,3.8806373626283386,0.0,0.0,0.0,0.0
p38_K,0.002844940023523462,9.051083561713389,0.0002784377175675733,0.027057718893485273,0.002360925,0.009899027229814958
p38_S,0.1012787421261837,2.701641710742171,0.0,0.0,0.0,0.0
p39_I,5.033967326761731e-07,26.373950330370224,0.007744328884985513,0.16532793311713645,0.0048091854,0.0592938157996673
p39_L,9.768270195672448e-06,20.23308685112715,0.0024786002718753092,0.12439027741106096,0.0015717432,0.04281354028331391
p39_M,0.03601337206690504,4.435749810404425,0.013612516233196328,0.14195822583634257,0.0029272526,0.05283266487555586
p39_V,0.5540232017435893,0.35093762902583386,0.0,0.0,0.0,0.0
p40_V,0.423234080997823,0.643052236393732,0.0,0.0,0.0,0.0
p41_C,0.7567666939454063,0.09610543841539615,0.0,0.0,0.0,0.0
p41_G,0.00018900202479452623,14.285739512340095,0.003115544964913192,0.18255621765072338,0.00023667602,0.06196947954399779
p41_S,0.26306096411352226,1.2572301346087653,0.0,0.0,0.0,0.0
p42_C,0.15837147228178983,1.9995280291953785,0.0,0.0,0.0,0.0
p42_F,0.866084746241368,0.028485480020460894,0.0,0.0,0.0,0.0
p42_IS,1.4452254191116198e-05,19.435283433961036,0.014135271682251122,0.10263460412137138,0.0010355974,0.03926849107060429
p42_L,2.095276705563792e-08,33.140430807933484,0.010538937337502309,0.17707323382538406,0.0011277065,0.06291329255142492
p42_V,0.14097640193904504,2.1786036884014384,0.0,0.0,0.0,0.0
p44_M,0.4644390482330255,0.5365292526257873,0.0,0.0,0.0,0.0
p46_L,0.06725301754238476,3.37290610317591,0.0,0.0,0.0,0.0
p46_M,0.12049464151011703,2.424462218972877,0.0,0.0,0.0,0.0
p48_MVLF,0.25262901442833563,1.3136901075883116,0.0,0.0,0.0,0.0
p49_F,0.9201078320080428,0.010076392919218293,0.0,0.0,0.0,0.0
p49_I,3.8947451665569933e-05,17.431158562616176,0.0025117242211694403,0.16377547978771057,0.0006483015,0.05564516850370135
p49_L,0.01918808460337982,5.543239008272118,0.016917177066281007,0.020795633675635136,0.0011263811,0.01294639728162184
p49_M,0.09296096359248582,2.840164475012055,0.0,0.0,0.0,0.0
p49_S,0.05861300826238914,3.603270427546113,0.0,0.0,0.0,0.0
p49_V,0.4770757914334811,0.506794391815123,0.0,0.0,0.0,0.0
p50_F,5.1834271958804023e-08,31.194099744965346,0.009351935602912573,0.03003215757421565,0.0018828635,0.013755652213654051
p50_L,0.058887021374044564,3.595420191331372,0.0,0.0,0.0,0.0
p50_T,0.17680784745962783,1.832757070154561,0.0,0.0,0.0,0.0
p50_V,0.7307896450128187,0.11860582520629744,0.0,0.0,0.0,0.0
p51_G,0.016700676562441716,5.7914477931631545,0.0150213788211999,0.23274298490078885,0.053140655,0.10030167296064633
p52_L,0.10288738283504675,2.6762939464958815,0.0,0.0,0.0,0.0
p52_T,5.762373240893227e-12,51.39541849894879,0.010541273482116639,0.16773791297821924,0.0,0.05942639548677863
p54_LMS,0.19936741476420083,1.6541966026717623,0.0,0.0,0.0,0.0
p54_V,0.26788526880356545,1.2320535405708177,0.0,0.0,0.0,0.0
p56_F,0.006471497478638604,7.517720655327412,0.0002784377175675733,0.027057718893485273,0.002360925,0.009899027229814958
p56_G,6.080289204343418e-08,30.852685881855646,0.023989131010430258,0.12089883975135599,9.184706e-06,0.048299051822581866
p56_I,0.82892441697688,0.04677155966398551,0.0,0.0,0.0,0.0
p56_V,1.3398442727776647e-12,54.761517642158616,0.00014326210309339855,0.0648858653577887,0.042914636,0.03598125463133555
p60_L,0.4693911156016545,0.5247227739587064,0.0,0.0,0.0,0.0
p60_V,1.8390103270686682e-22,111.82091063913093,0.005892828622058586,0.13502435596517914,0.001052246,0.047323143516867526
p60_Y,1.413483132370636e-12,54.63743541224146,0.003723402803070279,0.0444977988568501,9.847089e-05,0.016106557516472643
p63_F,0.24715204281456002,1.3444989148072057,0.0,0.0,0.0,0.0
p63_I,0.052296611176556464,3.795951739369609,0.0,0.0,0.0,0.0
p63_L,0.17260262789330397,1.8689743293555126,0.0,0.0,0.0,0.0
p63_V,0.0787236938698865,3.111960270033519,0.0,0.0,0.0,0.0
p64_K,0.2215177461388808,1.5006626678589403,0.0,0.0,0.0,0.0
p64_Q,4.130767744067555e-06,21.997323648428868,0.013873706758453078,0.02837137386948036,0.0011801475,0.01447507604908953
p64_T,3.431000496747741e-09,37.07128271125616,0.010541273482116639,0.16773791297821924,0.0,0.05942639548677863
p65_N,0.6180025985910527,0.24919631953108706,0.0,0.0,0.0,0.0
p69_R,1.9364247954797221e-10,43.43109039563612,0.03520147733715478,0.07519224308773294,0.0027406486,0.03771145633333828
p70_T,0.002678213094866069,9.164906844795134,0.0266905900229085,0.14585746715171985,0.00036952356,0.057639193579738256
p71_P,0.5876804056027874,0.29460789966808626,0.0,0.0,0.0,0.0
p74_Y,0.8717182241336168,0.026118659568165593,0.0,0.0,0.0,0.0
p77_V,0.01311299651504412,6.2268280951159865,0.0266905900229085,0.14585746715171985,0.00036952356,0.057639193579738256
p81_I,0.06910484663669451,3.3276707212531003,0.0,0.0,0.0,0.0
p81_V,0.003427429635852751,8.700959098329355,0.0009758033514654333,0.028468025005441287,9.874657e-05,0.009847524975054105
p83_G,0.016586510546208508,5.803744450912305,0.0005425469757271816,0.03938577087153732,0.00017174514,0.013366687661680561
p83_N,0.007154113596263364,7.332786248345745,0.14691549214818453,0.27470498451769226,0.003318454,0.14164631019066024
p84_L,0.0007046848563583742,11.715800633295023,0.0001690420557332866,0.05775541716035983,0.00015290276,0.019359120660353276
p84_T,3.1591375571868373e-07,27.354129102308853,0.017153547950543007,0.012803522734748489,4.267667e-05,0.00999991578543072
p85_F,0.006381726848123794,7.543521528408392,0.010090482635151332,0.15709457280480263,0.00051198615,0.055899013861746
p85_I,0.012986113476928407,6.244409149360572,0.0005425469757271816,0.03938577087153732,0.00017174514,0.013366687661680561
p86_TEV,0.08991029550558496,2.8944011604519573,0.0,0.0,0.0,0.0
p87_C,5.762373240893227e-12,51.39541849894879,0.010541273482116639,0.16773791297821924,0.0,0.05942639548677863
p87_V,6.29525996927749e-09,35.74643281883644,0.026936405646725798,0.35110002167878585,0.02856737,0.1355345991176051
p88_C,1.5315500381635132e-05,19.317403265538275,0.006513567855256576,0.01649085201254633,0.0,0.007668139955934301
p88_F,0.025833161724412843,5.016252908081914,0.00856122997185483,0.011483970522361144,0.00014510735,0.006730102613950198
p88_I,0.0009495459168777135,11.140658538800672,0.00024903311694781543,0.08845529781289341,0.0016967442,0.030133691721691235
p88_L,0.43708778088182476,0.6055121746543931,0.0,0.0,0.0,0.0
p89_F,0.13174843175212847,2.2840557950754907,0.0,0.0,0.0,0.0
p89_G,0.025220719679563477,5.058525884247932,0.0266905900229085,0.14585746715171985,0.00036952356,0.057639193579738256
p93_T,0.03981421044761837,4.262336780433022,0.0266905900229085,0.14585746715171985,0.00036952356,0.057639193579738256
p93_V,4.924217876213047e-16,73.62897069417511,0.016046372703732995,0.07878774235756036,0.01666855,0.03716755524381343
p94_T,5.678114444451285e-06,21.343381376112895,0.031851022342768605,0.11088974275491888,0.00024632874,0.04766236461199091
p95_I,0.48437381960183834,0.4901994055099574,0.0,0.0,0.0,0.0
p95_L,0.041821524587812714,4.177668702200339,0.022202314766150744,0.37373012802055494,0.001264013,0.13239881859582323
p95_M,0.5559323088104133,0.3475656117283162,0.0,0.0,0.0,0.0
p95_V,0.5502493842886165,0.35766821864727183,0.0,0.0,0.0,0.0
p96_T,1.419433091902752e-13,60.01065706417078,0.2861056833541136,0.1587145735863007,0.06792075,0.17091366960336427
p96_V,0.6919500960495724,0.15728145231251678,0.0,0.0,0.0,0.0
p96_Y,2.692704957204264e-11,47.87632701795328,0.014736040557083364,0.14704470185944524,0.0001824426,0.05398772833881204
p97_S,0.8197826613075203,0.05199389644912157,0.0,0.0,0.0,0.0
p97_T,0.004771506519471841,8.08273253211729,0.01201988082896374,0.11048511894549357,0.00034955807,0.04095151928313864
p98_C,7.885609070216846e-17,78.14910815815371,0.005987270129906856,0.03936531048057765,0.0,0.015117526870161503
p98_S,0.002649202086510253,9.185449742448982,0.04063849560170768,0.3035889737192186,0.0016832402,0.11530356983174739
p99_I,0.5560134302228394,0.34742281483404547,0.0,0.0,0.0,0.0
p99_L,0.2545262670586075,1.3032092268855953,0.0,0.0,0.0,0.0
p99_M,0.055929624487577025,3.6822837341828465,0.0,0.0,0.0,0.0
p99_W,0.44966592271781247,0.5729736865716509,0.0,0.0,0.0,0.0
p100_N,0.26029348240918787,1.2719340623866655,0.0,0.0,0.0,0.0
p100_V,3.8006940578731525e-27,142.15909008453684,0.23118072610594254,0.575464658191251,0.04057498,0.28240678777808
p100_Y,2.1362640094348718e-06,23.3591559133605,0.08370906851115932,0.014288331912604996,0.019932227,0.03930987587765824
p101_G,0.000693616793353556,11.746410460408313,0.057240238896966056,0.11239814302101946,0.025003996,0.06488079255478656
p102_Y,0.6919500960497293,0.15728145231237547,0.0,0.0,0.0,0.0
p103_M,1.3398442727776647e-12,54.761517642158616,0.00014326210309339855,0.0648858653577887,0.042914636,0.03598125463133555
p104_I,0.029555391268374056,4.779941770283733,0.035286941745867856,0.10906510298114216,0.00084793987,0.04839999486484544
p104_S,1.966888751424005e-21,105.44505299704505,0.0011221278264313774,0.12900241923267367,0.33171505,0.1539465314728572
p104_V,8.91565999563559e-10,40.03539293551761,0.0024972948623417433,0.07393116508126171,0.0024490687,0.0262925095500287
p105_L,0.45708901349073716,0.5544285689079018,0.0,0.0,0.0,0.0
p107_R,0.5910188403901317,0.2893688811218654,0.0,0.0,0.0,0.0
p107_TQESHK,0.2910923185253112,1.11844897215217,0.0,0.0,0.0,0.0
p107_V,0.1498182951505195,2.084627125062959,0.0,0.0,0.0,0.0
p108_I,5.1999688482211915e-06,21.52398275698464,0.009625315099102935,0.10435705991018726,0.0035294667,0.03917061389930772
p108_L,0.0001764004026074777,14.42182848063847,0.0039637981466633864,0.0070342478450830925,2.3182276e-05,0.0036737427559093345
p108_T,2.0648228207889467e-09,38.184578025972314,0.008542533930547916,0.15366430298563621,0.0028699245,0.05502558714885702
p108_V,0.9946560654361695,4.4932746473259666e-05,0.0,0.0,0.0,0.0
p109_G,5.7623732408974336e-12,51.395418498947166,0.010541273482116639,0.16773791297821924,0.0,0.05942639548677863
p110_R,3.4244682188517325e-08,32.08302247472831,0.02899495744469072,0.23115448316978188,0.0035532755,0.08790090536635477
p111_N,0.09218662025367833,2.853745261563547,0.0,0.0,0.0,0.0
p111_T,4.856348512799794e-21,103.04004551534253,0.0011221278264313774,0.12900241923267367,0.33171505,0.1539465314728572
p111_V,2.6456649752319926e-05,18.210304306430075,0.0047232643991518015,0.017588619637577657,0.00055084476,0.0076209096005106875
p111_Y,0.0917716576946989,2.8610744186944643,0.0,0.0,0.0,0.0
p112_L,0.06224784061344008,3.502194860060469,0.0,0.0,0.0,0.0
p112_M,1.2370713389079554e-12,54.94668882943749,0.0034104850910235056,0.018471808347082008,0.00017527783,0.007352523757194369
p112_V,1.1529333062308723e-07,29.48838940911298,0.00798793202879223,0.14948378687308622,0.025718968,0.06106356242116486
p116_M,0.1504981031646909,2.0776634166329284,0.0,0.0,0.0,0.0
p119_I,5.251449708211693e-12,51.60859936288225,0.05514252675434024,0.05428866302207592,0.018069822,0.04250033737253995
p119_L,0.01420170874676452,6.082833274187536,0.003539298318761574,0.0579445895135017,0.00011986455,0.020534584126668292
p119_MFT,0.061490749379777214,3.522717795092683,0.0,0.0,0.0,0.0
p122_I,0.014041578120499406,6.103281307762946,0.004208343089058695,0.07185170670214601,0.00069218955,0.025584079781962855
p122_M,0.610565566134694,0.25989009177180655,0.0,0.0,0.0,0.0
p122_Q,1.259031495246177e-23,119.15893186193861,0.8221408083242107,1.0,0.020180069,0.6141069590781109
p123_MNA,0.013556813715912256,6.166687074190143,0.0019914024521531506,0.0679623306490079,0.002446605,0.024133445997924188
p123_V,3.09151801349264e-07,27.399746373364955,0.0068170606759763806,0.026059971538327294,0.00023801293,0.011038348381405444
p124_G,0.09343896368353172,2.831842628017574,0.0,0.0,0.0,0.0
p124_S,5.170543072174906e-11,46.39909097831027,0.024846346052727106,0.2672008844127933,0.016532741,0.10285999065084889
p127_S,0.5343931314997287,0.38691230465529125,0.0,0.0,0.0,0.0
p129_V,0.2858023754164195,1.1433094716144134,0.0,0.0,0.0,0.0
p133_V,6.712312695557349e-07,25.770638453427644,0.00842402787339884,0.06863633893126403,0.0014536555,0.02617134078124779
p136_Y,0.4130664818325833,0.6718011469779788,0.0,0.0,0.0,0.0
p137_L,0.24725730916410932,1.3438988859923264,0.0,0.0,0.0,0.0
p137_M,0.8777148580994212,0.02371485039612417,0.0,0.0,0.0,0.0
p137_V,0.11690282136715353,2.4723759842841453,0.0,0.0,0.0,0.0
p143_M,0.38752694481095884,0.748837379398307,0.0,0.0,0.0,0.0
p143_VTF,0.09373570053112598,2.826699890394668,0.0,0.0,0.0,0.0
p144_G,0.010603016360021013,6.612283793341447,0.0266905900229085,0.14585746715171985,0.00036952356,0.057639193579738256
p144_S,0.009537459763320107,6.805404128532244,0.005401306281336342,0.17425132089352724,0.0017058075,0.06045281156404875
p145_S,0.03387817617891104,4.541835064515764,0.0005425469757271816,0.03938577087153732,0.00017174514,0.013366687661680561
p147_R,0.05639599940675483,3.6682644771522783,0.0,0.0,0.0,0.0
p149_S,0.011557508449709878,6.455583922482091,3.423518102131851e-05,0.005606608179157177,0.00019112832,0.00194399055938123
p149_T,0.3023586634994737,1.0673822881222148,0.0,0.0,0.0,0.0
p150_E,0.016687952397841727,5.792813971130341,0.0266905900229085,0.14585746715171985,0.00036952356,0.057639193579738256
p150_G,2.0395137672646786e-14,64.61493129730687,0.010541273482116639,0.16773791297821924,0.0,0.05942639548677863
p150_S,0.18683386418849254,1.7502953547734112,0.0,0.0,0.0,0.0
p151_N,0.21936429770411453,1.5147685214091895,0.0,0.0,0.0,0.0
p151_S,0.7406790351619512,0.10973081354667094,0.0,0.0,0.0,0.0
p151_T,0.3538844812035875,0.8621137482220896,0.0,0.0,0.0,0.0
p153_S,5.561783839374676e-19,90.66337964050254,0.0011221278264313774,0.12900241923267367,0.33171505,0.1539465314728572
p154_FTS,0.008789407228193163,6.954765804680797,0.005490754822945769,0.2685950386133459,0.042987492,0.10569109512392773
p154_G,0.0007629534721593289,11.562308599510578,0.0013814007258649737,0.03775576190245101,0.00016308969,0.013100084105339721
p154_I,0.46439808634965274,0.5366277535731805,0.0,0.0,0.0,0.0
p154_L,0.41247515465119866,0.6735054775195446,0.0,0.0,0.0,0.0
p154_M,1.8846014457156494e-07,28.445598056092066,0.001274192688246315,0.028850612833706935,0.0022813412,0.010802048919345983
p154_V,0.6919500960495724,0.15728145231251678,0.0,0.0,0.0,0.0
p155_M,0.03597780145469974,4.4374623652085,0.0005425469757271816,0.03938577087153732,0.00017174514,0.013366687661680561
p157_I,0.00011268979645269869,15.308662658817825,0.0013249520084458947,0.08218758678772266,0.0,0.027837512932056187
p157_L,0.579832133599832,0.3071656779578487,0.0,0.0,0.0,0.0
p157_V,1.9747415335111204e-12,53.86303925528888,0.16508410518193628,0.03233551683146116,0.001102178,0.06617393334056434
p158_G,0.2612008870903716,1.26709157724796,0.0,0.0,0.0,0.0
p158_L,4.274860885608802e-10,41.665127061228155,0.010541273482116639,0.16773791297821924,0.0,0.05942639548677863
p158_S,0.4600629526787715,0.5471314744214946,0.0,0.0,0.0,0.0
p158_VITMF,0.0021666404392994515,9.565564599009733,0.026919392551940514,0.2149983208130261,0.0062176287,0.0827117806941297
p159_F,0.21893751873206319,1.517583792930115,0.0,0.0,0.0,0.0
p159_L,0.6696095084184508,0.1824136095403034,0.0,0.0,0.0,0.0
p160_T,0.022263350715605177,5.278985375495453,0.01964005147604966,0.04017449206861443,0.0011353388,0.020316627446988922
p162_I,0.02925969968354235,4.797543105659954,0.01456630439559305,0.0780194710321646,0.00046205896,0.0310159447961502
p162_L,0.3512093710733175,0.8717605408369782,0.0,0.0,0.0,0.0
p162_MTGA,0.024853119783345076,5.084416876615374,0.002827067847388231,0.017078469288928082,0.011469421,0.010458319371084377
p162_V,3.66115506982908e-10,42.009888272429,0.04956391153962109,0.07081716432308466,0.003011388,0.041130821289464846
p163_GLW,0.25672569645503374,1.291179264440486,0.0,0.0,0.0,0.0
p163_M,0.22081990290989112,1.50521570533426,0.0,0.0,0.0,0.0
p164_S,0.21605083700972239,1.5368001139583343,0.0,0.0,0.0,0.0
p165_C,1.5467565939030533e-07,28.86429632128603,0.002650337616964543,0.063513767736158,0.0003667538,0.02217695305479068
p165_F,0.5765276819313144,0.31255578043748866,0.0,0.0,0.0,0.0
p165_L,1.2185053382425268e-05,19.78242625686536,0.01936555741817758,0.1705944841457378,0.0018652368,0.06394175945034695
p165_M,0.0767265403214528,3.154317703903627,0.0,0.0,0.0,0.0
p165_S,6.745098917206499e-08,30.630939102422932,0.0071697890204706,0.3621338723970819,0.0002655421,0.12318973450505834
p166_S,2.185238900737078e-09,38.06009551170105,0.2176080604608541,0.051061993990040036,0.00093231275,0.08986745573200981
p168_S,0.6856580802061087,0.16414004799587456,0.0,0.0,0.0,0.0
p168_T,0.9751381233863019,0.0009728441618378127,0.0,0.0,0.0,0.0
p169_FMLS,0.29070607627999573,1.120244548412982,0.0,0.0,0.0,0.0
p169_G,0.021754815290180002,5.319956367462737,0.002700185196922583,0.08774956981465791,0.00019546792,0.030215074309648506
p169_V,3.922188426014248e-12,52.279656824075936,0.01279531493826689,0.10943884735948498,0.00026331266,0.04083249165154997
p173_L,0.0003421390198976093,13.12062714577188,0.0033037594639931025,0.04399047629209556,0.0012229244,0.016172386733948146
p173_V,0.2173595362585285,1.5280504126078258,0.0,0.0,0.0,0.0
p179_L,5.427270397353362e-07,26.216065335642167,0.0,0.003550220844833777,6.622789e-05,0.0012054829118725659
p181_HDANQGILMFTWYV,0.008118412446494036,7.100327320760622,0.017017972540258657,0.2965207728383572,0.0022706618,0.10526980237957916
p183_L,0.4348359663502419,0.6114900226144158,0.0,0.0,0.0,0.0
p183_M,2.72462608498648e-08,32.57457526362389,0.00019084347019633128,0.002640649346976332,0.00015064911,0.000994047309009319
p185_S,0.45761737278555115,0.5531266584578302,0.0,0.0,0.0,0.0
p185_T,3.3837537636099836e-08,32.108716392620096,0.00014326210309339855,0.0648858653577887,0.042914636,0.03598125463133555
p185_V,2.6469289061172265e-12,53.186092296418344,0.19862811810222966,0.10128348184601282,0.0011599404,0.10035718010961518
p186_S,0.4311414879879125,0.6214007579137104,0.0,0.0,0.0,0.0
p189_P,0.015187884200574719,5.961936935653794,0.0266905900229085,0.14585746715171985,0.00036952356,0.057639193579738256
p189_V,0.7214198477327214,0.12737229370946881,0.0,0.0,0.0,0.0
p194_L,0.018790187678334857,5.580615620196603,0.08939455281697699,0.11952997944580178,0.0061282595,0.07168426391053415
p194_P,0.16868928856417792,1.903605194967041,0.0,0.0,0.0,0.0
p194_R,0.5271798141131727,0.4007466616139666,0.0,0.0,0.0,0.0
p195_H,0.1444693125379308,2.140702584559505,0.0,0.0,0.0,0.0
p195_K,0.18548725516124995,1.7610675702014476,0.0,0.0,0.0,0.0
p195_N,6.56890981702108e-05,16.38347769220803,0.018289212611826828,0.1686039497074042,0.0029088813,0.06326734786908428
p195_TSRP,0.8609391891556528,0.030739658969242196,0.0,0.0,0.0,0.0
p196_P,0.09422167016472881,2.8183158765099274,0.0,0.0,0.0,0.0
p197_E,0.5596011506873376,0.3411468158051565,0.0,0.0,0.0,0.0
p197_G,0.37677197448148747,0.7835014936857397,0.0,0.0,0.0,0.0
p198_I,0.5615996382880164,0.33768409969171165,0.0,0.0,0.0,0.0
p198_T,0.10264515710485671,2.6800827917162016,0.0,0.0,0.0,0.0
p198_V,0.7593215902012304,0.09403271303436006,0.0,0.0,0.0,0.0
p198_Y,0.035594559926387666,4.45602740892493,0.05116604536544323,0.1924955109168134,0.00048089767,0.08138081798289247
p199_N,0.09163521911127244,2.863492131129814,0.0,0.0,0.0,0.0
p203_Y,0.6880152708539102,0.16155067926395358,0.0,0.0,0.0,0.0
p205_L,0.7688767058108201,0.08649903930881392,0.0,0.0,0.0,0.0
p205_M,3.6950345617222593e-10,41.98938518807736,0.014504210556821577,0.12077189188695486,0.0017467957,0.04567429938868662
p205_V,0.2193499811472003,1.5148628549486436,0.0,0.0,0.0,0.0
p209_G,0.8972518503882738,0.016703422567530164,0.0,0.0,0.0,0.0
p209_I,0.13191850942706815,2.282037979463307,0.0,0.0,0.0,0.0
p209_L,0.1869858694893017,1.7490850805193934,0.0,0.0,0.0,0.0
p209_S,1.5381521379674788e-20,99.99358561691444,0.0026675575521457485,0.19943910712990587,0.0029279978,0.06834488751002354
p209_T,4.5524149679816213e-07,26.585146596667112,0.007197047850172584,0.020844706114936815,0.00033337818,0.009458377381291799
p209_V,4.6669340917714914e-07,26.532945698130536,0.001997618278257251,0.12900573047897154,0.00034055117,0.043781299974752275
p210_LIFT,0.010197118494940363,6.683384224998111,0.02454413238761487,0.15587617176105306,0.0019425226,0.06078760891321596
p210_V,7.670273954075448e-08,30.356519427319743,0.14557472342195374,0.06101705558135318,0.0027141361,0.06976863838434706
p213_C,3.363311304855034e-16,74.56505817189884,0.30808564852902137,0.03843950613632282,0.0014069369,0.11597736385720743
p213_F,5.712760278687524e-14,62.16274687780846,0.19971588708522708,0.13743866631462287,0.16435693,0.1671704951479597
p213_I,0.005215896662806442,7.917176752945128,0.04596424383663038,0.07680405112864226,0.0009114064,0.041226567127084314
p213_L,0.726509689957184,0.12256664568258362,0.0,0.0,0.0,0.0
p213_M,0.3734951435106405,0.7943424306167675,0.0,0.0,0.0,0.0
p213_S,0.12822982587847997,2.3264680502281943,0.0,0.0,0.0,0.0
p213_T,0.7947764711611253,0.06777779153835206,0.0,0.0,0.0,0.0
p213_V,0.6574165421713589,0.1970645874976527,0.0,0.0,0.0,0.0
p214_I,0.0002697007358219302,13.586524317607225,0.0029722005802106087,0.024020409315290564,0.0020024702,0.009665026696931533
p214_L,0.040377257786459314,4.238140719232963,0.05404634721528248,0.20295095763799997,0.0,0.08566576828442747
p214_T,0.7840280873523616,0.07524927691010476,0.0,0.0,0.0,0.0
p214_V,5.54208335474161e-07,26.172148490689267,0.0016449722740558353,0.046558560971411034,0.00034796254,0.016183831930077396
p216_M,0.22815898910571936,1.4581773582399578,0.0,0.0,0.0,0.0
p216_V,0.047926002344929663,3.944382196990656,0.0,0.0,0.0,0.0
p217_CSML,0.9988238824028847,2.1763862891844645e-06,0.0,0.0,0.0,0.0
p217_F,0.21364052078339893,1.5530819605842416,0.0,0.0,0.0,0.0
p217_I,0.07622322628417835,3.165180616938623,0.0,0.0,0.0,0.0
p217_T,0.009248436094689146,6.86163289775997,0.008133768506193616,0.09743635630458863,0.00098638,0.03551883494923418
p217_V,0.2672598187481304,1.2352854872068393,0.0,0.0,0.0,0.0
p218_L,3.431000496747741e-09,37.07128271125616,0.010541273482116639,0.16773791297821924,0.0,0.05942639548677863
p218_T,1.0794050125113365e-31,173.76748552348465,0.3143901416546946,0.012543187776986089,0.00021524528,0.1090495249038378
p218_V,0.011383903979550315,6.483066839445278,0.001844524920946884,0.009544537636762091,0.0003778202,0.003922294250414564
p219_V,0.4118940855349714,0.6751837665098875,0.0,0.0,0.0,0.0
p220_S,0.9527860941321604,0.0035114292104886126,0.0,0.0,0.0,0.0
p222_S,0.35526977658389447,0.8571573856284619,0.0,0.0,0.0,0.0
p222_T,0.007238339400013617,7.311234539229973,0.0005425469757271816,0.03938577087153732,0.00017174514,0.013366687661680561
p225_Q,0.0835582773723408,3.0140634628878438,0.0,0.0,0.0,0.0
p225_R,0.563194492219842,0.3349376855177092,0.0,0.0,0.0,0.0
p225_S,0.0031956616047083856,8.832398125804431,0.0885630569333576,0.05103848792818039,0.0,0.046533848287179325
p227_L,0.7623542897115105,0.09160441214183146,0.0,0.0,0.0,0.0
p227_V,0.7809143073038001,0.07749224142316467,0.0,0.0,0.0,0.0
p228_F,0.22798389738062588,1.459278239441817,0.0,0.0,0.0,0.0
p228_L,2.279236879682769e-11,48.25492063081577,0.010541273482116639,0.16773791297821924,0.0,0.05942639548677863
p228_M,3.945639327853912e-11,47.010393869044535,0.00025680077633226714,0.07304063338487914,0.4453889,0.17289544910527113
p229_K,0.21848816973500054,1.5205550636138616,0.0,0.0,0.0,0.0
p229_T,0.8877579775088904,0.019954434436620358,0.0,0.0,0.0,0.0
p231_R,0.8393812284726707,0.041151626946612604,0.0,0.0,0.0,0.0
p232_E,0.01912430878561416,5.549175313247845,0.0005425469757271816,0.03938577087153732,0.00017174514,0.013366687661680561
p236_Q,0.8822162537644626,0.02198840658273205,0.0,0.0,0.0,0.0
p239_E,0.4294087609147713,0.6260935535543203,0.0,0.0,0.0,0.0
p241_E,0.11797639807104338,2.4578852859656304,0.0,0.0,0.0,0.0
p242_T,0.013187321411982578,6.216611055040058,0.0266905900229085,0.14585746715171985,0.00036952356,0.057639193579738256
p245_R,0.5377293795165616,0.3806274956279053,0.0,0.0,0.0,0.0
p248_R,0.05750185058105825,3.6355108780875574,0.0,0.0,0.0,0.0
p251_T,0.7642346641272081,0.09011619383309047,0.0,0.0,0.0,0.0
p254_V,0.6729021409747762,0.17857190426277403,0.0,0.0,0.0,0.0
p255_L,7.309979250088201e-10,40.474750653517866,0.0020908846886150113,0.11106276660206534,4.8305366e-05,0.037733985552347755
p255_V,0.2057775395349063,1.6077576738113768,0.0,0.0,0.0,0.0
p256_L,0.003228862094376787,8.812982511447476,0.020394907935535236,0.32815578725587347,0.0015253653,0.11669202015775293
p256_M,0.34809598053561464,0.8831150738033071,0.0,0.0,0.0,0.0
p256_V,0.07880627432063142,3.110233936204256,0.0,0.0,0.0,0.0
p258_V,0.03618002451264424,4.427749924301556,0.0032995655566943594,0.22862088728147825,0.0,0.0773068176127242
p259_F,1.595709894379958e-07,28.798212247917185,0.01922608063844753,0.007885541282626007,0.00010944493,0.009073688951226072
p259_I,0.006447475368146312,7.524588637703111,0.005337602733793832,0.09918227473974676,0.00016119135,0.03489368960674883
p259_L,5.782992810316439e-13,56.71634593236348,0.02064078573565773,0.004680336717903509,0.00026515115,0.008528757866476415
p259_V,0.2289960178950148,1.4529286395985315,0.0,0.0,0.0,0.0
p260_G,0.005623392663604187,7.777612594819562,0.0037400073609929812,0.12429514656833729,0.0,0.042678384643110086
p260_S,0.41387724404557846,0.6694702211568178,0.0,0.0,0.0,0.0
p261_Y,3.9277852032382345e-06,22.101079447362352,0.3350905859569504,0.9586062943990846,0.023430157,0.43904234593628555
p263_I,0.0026936242145228248,9.154086356795771,0.02256161600365286,0.0339207643092494,0.0023509301,0.019611103479141172
p263_L,5.817988049990612e-10,40.980684300813294,0.01485023005337258,0.12687563432253052,2.6746131e-05,0.04725087016895784
p263_V,0.006072504767193425,7.635337068354338,0.0033907394703041683,0.09520246444310368,3.353763e-05,0.032875580515029215
p264_C,0.002678213094866069,9.164906844795134,0.0266905900229085,0.14585746715171985,0.00036952356,0.057639193579738256
p266_L,0.16240207118315395,1.9612260716713124,0.0,0.0,0.0,0.0
p266_T,0.7086587574291499,0.13988231140951965,0.0,0.0,0.0,0.0
p266_V,0.049283879933085376,3.8967776705446027,0.0,0.0,0.0,0.0
p269_G,3.0571588558931134e-05,17.91863561245691,8.72631936742202e-05,0.06917247974063653,0.00012782344,0.023129188791866706
p270_M,0.8638125708412427,0.029469985176376255,0.0,0.0,0.0,0.0
p270_S,0.03533292807520436,4.4688225901122145,0.032941365448851706,0.04187186369339028,0.001293547,0.025368925376025604
p270_VATYF,0.18604648874724394,1.756582930436094,0.0,0.0,0.0,0.0
p271_T,0.027402793159463215,4.912519797892884,0.018931532584242138,0.2362289662349269,0.0013529996,0.08550449947045631
p271_V,0.0004780989568289714,12.468116247077951,0.011450893303565149,0.045145309340728954,0.031860292,0.029485498200716442
p271_Y,4.856348512799794e-21,103.04004551534253,0.0011221278264313774,0.12900241923267367,0.33171505,0.1539465314728572
p273_F,0.06691601519546578,3.381282038714136,0.0,0.0,0.0,0.0
p273_G,1.4239653049497378e-05,19.465407436243407,0.010382850971032581,0.02187757926423068,0.0019399809,0.01140013704350725
p273_W,0.7483163214119894,0.10313823441983111,0.0,0.0,0.0,0.0
p274_W,0.006491375026374547,7.512057377940708,0.02034911247186001,0.08420868383363134,0.0,0.03485259876849712
p274_Y,0.013186731579127683,6.216691901577157,0.0131617112772347,0.05672923356860458,0.00010737461,0.023332773151878844
p277_F,1.4186033037728531e-21,106.31819778344092,0.008957871855404548,0.1031275829135465,0.009239978,0.04044181097531163
p277_L,5.2342463706505854e-11,46.37143341464313,0.03520147733715478,0.07519224308773294,0.0027406486,0.03771145633333828
p277_T,0.001456156245981483,10.321263051717665,0.05135531472854675,0.13641317215524326,0.004448874,0.06407245360200627
p278_N,0.16354299036210285,1.9505815646553948,0.0,0.0,0.0,0.0
p279_Q,0.0015688719027994369,10.179036410754291,0.0266905900229085,0.14585746715171985,0.00036952356,0.057639193579738256
p279_R,1.0289648955114345e-38,227.10266257749453,1.0,0.30070054462498086,1.0,0.7669001815416602
p281_S,0.029910558818784263,4.759042295903611,0.02642596941301288,0.04533134354798891,0.00019169354,0.023983002168152762
p281_T,0.26580300161496173,1.2428502459238744,0.0,0.0,0.0,0.0
p281_V,0.04217429041342286,4.163233308294695,0.006412388223058677,0.09416229798983694,0.001259555,0.03394474706844184
p282_D,0.07434579583000736,3.2063954808881747,0.0,0.0,0.0,0.0
p282_E,0.31457482648688717,1.0147242199906412,0.0,0.0,0.0,0.0
p282_N,0.41647986385172986,0.6620332792487302,0.0,0.0,0.0,0.0
p282_S,2.3784911044501086e-13,58.79618854359713,0.010541273482116639,0.16773791297821924,0.0,0.05942639548677863
p282_T,0.29828620928028293,1.0855542812692855,0.0,0.0,0.0,0.0
p284_S,5.339507996657227e-19,90.7681677618753,0.34800535833873597,0.2459335606365276,0.0,0.19797963965842116
p284_T,1.202865083197442e-07,29.398248754018216,0.20720019143224488,0.13904340863923115,0.016363852,0.12086915059917706
p285_P,0.03450932447295941,4.509761391298365,0.0266905900229085,0.14585746715171985,0.00036952356,0.057639193579738256
p286_L,5.075156102495893e-10,41.2838354664326,0.030701435054728127,0.12091771989444276,0.009238643,0.053619265863194245
p286_M,8.545186929296427e-19,89.56177767532007,0.0002191565469832754,0.134433145906342,0.0003107136,0.04498767201774231
p286_Q,3.948297638762498e-07,26.884509776009754,0.00618408989602582,0.07714453790905335,0.0,0.02777620926835972
p286_T,0.20660711666180126,1.60187298117571,0.0,0.0,0.0,0.0
p286_V,0.8049214845345832,0.061107087229551826,0.0,0.0,0.0,0.0
p287_F,0.04213671869564922,4.164764684400586,0.017720717175317965,0.12718765184478603,0.00015498708,0.04835445203318154
p287_L,0.8036141092718596,0.06194612036393907,0.0,0.0,0.0,0.0
p287_S,2.2500283689689415e-17,81.27688754537883,0.11980409630723214,0.15389053554860044,1.515898e-05,0.09123659694534568
p287_T,5.762373240893227e-12,51.39541849894879,0.010541273482116639,0.16773791297821924,0.0,0.05942639548677863
p288_M,2.0395137672662462e-14,64.61493129730502,0.010541273482116639,0.16773791297821924,0.0,0.05942639548677863
p289_S,1.672378472239201e-07,28.6987155962962,0.15334675970117276,0.05570191432863259,0.000885036,0.06997790334902847
p289_T,0.14761794629610295,2.10741509423257,0.0,0.0,0.0,0.0
p290_I,0.8210958316070959,0.05122587327766097,0.0,0.0,0.0,0.0
p290_L,0.01005594325358877,6.708799745641046,0.0067052004725842405,0.1299664382974758,0.0003133914,0.0456616767280994
p290_V,0.005163620886635415,7.9358854603783895,0.011435474699592654,0.1515439566672883,0.00075678073,0.054578737366745116
p292_S,8.08872902908605e-19,89.702416186975,0.894667215583827,0.9994335183294557,0.023239648,0.6391134606276287
p295_S,8.984512383785605e-19,89.43338609676032,0.00021085610907116035,0.27477585297019763,3.009469e-05,0.0916722679232141
p297_S,0.3119803031966658,1.0256823330591358,0.0,0.0,0.0,0.0
p297_T,0.5278087907044461,0.39952682208782037,0.0,0.0,0.0,0.0
p298_S,0.31231150937606333,1.0242768322653835,0.0,0.0,0.0,0.0
p299_S,0.7421623139802476,0.10843272488963307,0.0,0.0,0.0,0.0
p300_L,0.43779915516974655,0.6036334993114079,0.0,0.0,0.0,0.0
p300_V,0.28354764298668134,1.1540847256258564,0.0,0.0,0.0,0.0
p301_Y,4.9280035490054025e-29,155.01196359120794,0.1842775658043123,0.021512589896951817,6.997388e-06,0.06859905102976378
p303_P,3.4310004967498746e-09,37.071282711254796,0.010541273482116639,0.16773791297821924,0.0,0.05942639548677863
p304_L,0.8107832016412417,0.05741968579870054,0.0,0.0,0.0,0.0
p304_M,0.7446397530233282,0.10628367294295477,0.0,0.0,0.0,0.0
p304_V,6.016746628407603e-12,51.296282629527276,0.021088349667696585,0.1558733748710985,0.0010883717,0.059350032090666215
p307_V,0.1050328419734729,2.6431574359026553,0.0,0.0,0.0,0.0
p308_L,0.010008583885125542,6.717408237700349,0.032940142169970155,0.013468976915332572,5.1506737e-05,0.01548687527402806
p308_M,0.24714978060546797,1.344511813071435,0.0,0.0,0.0,0.0
p308_V,0.14911835941167478,2.0918346084641923,0.0,0.0,0.0,0.0
p309_M,0.15517795450887148,2.0306751154315617,0.0,0.0,0.0,0.0
p315_N,0.16906531039311462,1.9002375910091103,0.0,0.0,0.0,0.0
p315_S,5.666227042638984e-11,46.19238134857066,0.00014326210309339855,0.0648858653577887,0.042914636,0.03598125463133555
p318_L,0.02193537583542391,5.305296061587913,0.048516488135100413,0.08495435777718732,0.0005141239,0.0446616565973755
p318_V,0.7254438083963277,0.12356441258790424,0.0,0.0,0.0,0.0
p319_N,1.3398442727776647e-12,54.761517642158616,0.00014326210309339855,0.0648858653577887,0.042914636,0.03598125463133555
p319_T,0.00034454180031711555,13.10694641896157,0.015092240147781872,0.2039901909585409,0.0,0.07302747703544092
p320_T,3.4310004967498746e-09,37.071282711254796,0.010541273482116639,0.16773791297821924,0.0,0.05942639548677863
p321_I,0.6831905054243972,0.16687639456750064,0.0,0.0,0.0,0.0
p321_L,0.5738302900539973,0.31700140749442096,0.0,0.0,0.0,0.0
p321_M,0.43114148798800034,0.6214007579134779,0.0,0.0,0.0,0.0
p322_F,4.905466704892306e-07,26.42824476002661,0.02643236902421069,0.2200913771167899,0.002367239,0.08296366170692908
p322_G,0.6331310619580794,0.22829938627625773,0.0,0.0,0.0,0.0
p322_GAP,0.09898566265177419,2.7385491400744604,0.0,0.0,0.0,0.0
p323_GAP,0.09898566265177419,2.7385491400744604,0.0,0.0,0.0,0.0
p323_M,0.6331310619580794,0.22829938627625773,0.0,0.0,0.0,0.0
p324_GAP,0.3913601074409079,0.7368125976859691,0.0,0.0,0.0,0.0
p325_K,0.32817349644678273,0.9591752770777054,0.0,0.0,0.0,0.0
p326_N,0.0414733559132,4.192042656408619,0.021406887920972464,0.18054908950760049,0.0014420789,0.06779935209293501
p326_S,1.3398442727776647e-12,54.761517642158616,0.00014326210309339855,0.0648858653577887,0.042914636,0.03598125463133555
p327_P,0.12674621008566128,2.344743099608874,0.0,0.0,0.0,0.0
p328_GAP,0.126746210085644,2.3447430996090817,0.0,0.0,0.0,0.0
p328_L,0.08549081063938403,2.976638352464455,0.0,0.0,0.0,0.0
p329_G,0.1735799922893215,1.8604664862610893,0.0,0.0,0.0,0.0
p329_GAP,0.09898566265177419,2.7385491400744604,0.0,0.0,0.0,0.0
p330_E,0.8223276011170615,0.05051091760207766,0.0,0.0,0.0,0.0
p330_GAP,0.3913601074409079,0.7368125976859691,0.0,0.0,0.0,0.0
p330_V,0.2551281046620917,1.2999046817428264,0.0,0.0,0.0,0.0
p331_E,0.28446662920995236,1.1496798231178587,0.0,0.0,0.0,0.0
p331_GAP,0.3913601074409079,0.7368125976859691,0.0,0.0,0.0,0.0
p332_D,0.163635932301702,1.949718191544726,0.0,0.0,0.0,0.0
p332_E,0.23879440018975145,1.393162990244239,0.0,0.0,0.0,0.0
p332_GAP,0.008533325343524014,7.008924114650817,0.007902828497113398,0.020117042820159026,0.0005569013,0.009525590863064358
p332_V,0.2990191873977234,1.0822600387175205,0.0,0.0,0.0,0.0
p333_E,0.7468112987112621,0.10441952600195774,0.0,0.0,0.0,0.0
p333_G,0.41225019486832826,0.6741548088856458,0.0,0.0,0.0,0.0
p333_GAP,0.017884383806158255,5.668862222723302,0.011416296844781874,0.05454237032080267,0.00081537914,0.022258015435960038
p333_S,3.101400443211762e-05,17.88967331349636,0.00082103183397509,0.022712835672554683,0.0,0.007844622502176591
p333_TD,0.8804403223281578,0.02266156912996796,0.0,0.0,0.0,0.0
p334_GAP,0.4220260358901806,0.6464137384759046,0.0,0.0,0.0,0.0
p334_GEV,0.15659624826220658,2.0167527229214826,0.0,0.0,0.0,0.0
p334_S,0.00011993653640068739,15.185013201647442,0.007736837772795023,0.03872212980676205,3.6938563e-05,0.015498635380994288
p334_T,0.5484134372119598,0.36097406895536116,0.0,0.0,0.0,0.0
p335_GAP,0.3004207218045684,1.0759900130912148,0.0,0.0,0.0,0.0
p335_S,0.27196804999845936,1.2111859318320337,0.0,0.0,0.0,0.0
p335_T,0.44576104453668586,0.5829228414434504,0.0,0.0,0.0,0.0
p336_GAP,0.36032373007145346,0.8392981621605992,0.0,0.0,0.0,0.0
p336_S,0.6548056508044469,0.20028993016608615,0.0,0.0,0.0,0.0
p336_T,0.035072553258308894,4.481655605364145,0.00729664077494169,0.02199751987273349,0.001491124,0.010261761563638774
p336_V,0.0012638624327448765,10.591980084005296,0.0266905900229085,0.14585746715171985,0.00036952356,0.057639193579738256
p337_GAP,0.9069929989879026,0.013672547173771234,0.0,0.0,0.0,0.0
p337_S,0.04488156758188031,4.056525611230864,0.0,0.0,0.0,0.0
p337_T,0.06333552441416757,3.473173477630829,0.0,0.0,0.0,0.0
p338_GAP,0.7841029850686724,0.07519576189447398,0.0,0.0,0.0,0.0
p338_Q,0.2412859176531692,1.3784403918533934,0.0,0.0,0.0,0.0
p338_S,0.018137387663600877,5.643754642520597,0.032487079037312155,0.2741475412247757,0.0074910494,0.10470855653961549
p338_T,0.029919693650716853,4.758508200985386,0.015162579925349562,0.10656845215819728,0.0059546465,0.04256189286298743
p338_V,0.07271840590700558,3.243040510800152,0.0,0.0,0.0,0.0
p339_GAP,0.5886885362753886,0.2930194289793768,0.0,0.0,0.0,0.0
p339_S,0.6760458837904963,0.17494882200778458,0.0,0.0,0.0,0.0
p339_T,0.42827880361214365,0.6291693440909112,0.0,0.0,0.0,0.0
p340_K,0.5886885362754531,0.29301942897929434,0.0,0.0,0.0,0.0
p341_T,0.5020661731143587,0.4516429947500452,0.0,0.0,0.0,0.0
p342_GAP,0.5020661731143107,0.4516429947501494,0.0,0.0,0.0,0.0
p342_RDQS,0.3343684955498999,0.9348727759272109,0.0,0.0,0.0,0.0
p343_GAP,0.039917219561803795,4.257883252489767,0.0032178341315409636,0.015725121052069933,0.0010577544,0.006666903190252874
p343_T,0.8802674388815155,0.022727654580812155,0.0,0.0,0.0,0.0
p343_V,0.015187884200574719,5.961936935653794,0.0266905900229085,0.14585746715171985,0.00036952356,0.057639193579738256
p344_S,0.02557626715793003,5.033855910875454,0.002571147691270896,0.10339750676517347,0.0014083167,0.0357923237057056
p345_QAV,0.4407722786202263,0.5958322264417766,0.0,0.0,0.0,0.0
p345_S,0.14036415053027537,2.1853563250925716,0.0,0.0,0.0,0.0
p345_T,0.6900152808753721,0.15937241219017229,0.0,0.0,0.0,0.0
p346_GAP,0.45594496555112973,0.5572557432119624,0.0,0.0,0.0,0.0
p346_V,0.42952852395527874,0.6257682722002129,0.0,0.0,0.0,0.0
p347_GAP,0.6006206030651289,0.27463597395623796,0.0,0.0,0.0,0.0
p347_S,0.41063075333348364,0.6788447206416335,0.0,0.0,0.0,0.0
p348_GAP,0.09670635684087522,2.776176033605261,0.0,0.0,0.0,0.0
p348_S,0.834575137044785,0.04368800840473621,0.0,0.0,0.0,0.0
p348_T,0.040872871910915445,4.217135336230001,0.004029183247536322,0.06205391274854627,0.0008444401,0.0223091786899296
p349_S,0.04502087080570861,4.051220563279563,0.0,0.0,0.0,0.0
p350_Q,0.10353537483737749,2.666206210856936,0.0,0.0,0.0,0.0
p350_S,0.414226770396357,0.6684674257103224,0.0,0.0,0.0,0.0
p351_V,0.9149324391158653,0.011429332249274612,0.0,0.0,0.0,0.0
p352_GAP,0.9149324391158653,0.011429332249287697,0.0,0.0,0.0,0.0
p352_S,0.26525030077887424,1.2457338013167876,0.0,0.0,0.0,0.0
p353_P,0.9149324391158653,0.011429332249274612,0.0,0.0,0.0,0.0
p354_GAP,0.9149324391158653,0.011429332249287697,0.0,0.0,0.0,0.0
