,feature,Light Gradient Boosting Machine,Gradient Boosting Classifier,Extreme Gradient Boosting,mean_imp
0,1,0.0,0.0,0.0,0.0
1,2,0.0,0.0,0.0,0.0
2,3,0.0,0.0,0.0,0.0
3,4,0.0,0.0,0.0,0.0
4,5,0.0,0.0,0.0,0.0
5,6,0.0,0.0,0.0,0.0
6,7,0.0,0.0,0.0,0.0
7,8,0.0,0.0,0.0,0.0
8,9,0.0,0.0,0.0,0.0
9,10,0.0,0.0,0.0,0.0
10,11,0.0,0.0,0.0,0.0
11,12,0.0,0.0,0.0,0.0
12,13,0.0,0.0,0.0,0.0
13,14,0.0,0.0,0.0,0.0
14,15,0.0,0.0,0.0,0.0
15,16,0.0,0.0,0.0,0.0
16,17,0.0,0.0,0.0,0.0
17,18,0.0,0.0,0.0,0.0
18,19,0.0,0.0,0.0,0.0
19,20,0.0,0.0,0.0,0.0
20,21,0.0,0.0,0.0,0.0
21,22,0.0,0.0,0.0,0.0
22,23,0.0,0.0,0.0,0.0
23,24,0.0,0.0,0.0,0.0
24,25,0.0,0.0,0.0,0.0
25,26,0.0,0.0,0.0,0.0
26,27,0.0,0.0,0.0,0.0
27,28,0.0,0.0,0.0,0.0
28,29,0.0,0.0,0.0,0.0
29,30,0.0,0.0,0.0,0.0
30,31,0.0,0.0,0.0,0.0
31,32,0.0,0.0,0.0,0.0
32,33,0.0,0.0,0.0,0.0
33,34,0.0,0.0,0.0,0.0
34,35,0.0,0.0,0.0,0.0
35,36,0.0,0.0,0.0,0.0
36,37,0.0,0.0,0.0,0.0
37,38,0.0,0.0,0.0,0.0
38,39,0.0,0.0,0.0,0.0
39,40,0.0,0.0,0.0,0.0
40,41,0.0,0.0,0.0,0.0
41,42,0.0,0.0,0.0,0.0
42,43,0.0,0.0,0.0,0.0
43,44,0.0,0.0,0.0,0.0
44,45,0.0,0.0,0.0,0.0
45,46,0.0,0.0,0.0,0.0
46,47,0.0,0.0,0.0,0.0
47,48,0.0,0.0,0.0,0.0
48,49,0.0,0.0,0.0,0.0
49,50,0.0,0.0,0.0,0.0
50,51,0.0,0.0,0.0,0.0
51,52,0.0,0.0,0.0,0.0
52,53,0.0,0.0,0.0,0.0
53,54,0.0,0.0,0.0,0.0
54,55,0.0,0.0,0.0,0.0
55,56,0.0,0.0,0.0,0.0
56,57,0.0,0.0,0.0,0.0
57,58,0.0,0.0,0.0,0.0
58,59,0.0,0.0,0.0,0.0
59,60,0.0,0.0,0.0,0.0
60,61,0.0,0.0,0.0,0.0
61,62,0.0,0.0,0.0,0.0
62,63,0.0,0.0,0.0,0.0
63,64,0.0,0.0,0.0,0.0
64,65,0.0,0.0,0.0,0.0
65,66,0.541871921182266,0.830658574704451,0.30009028,0.5575402596807194
66,67,0.0,0.0,0.0,0.0
67,68,0.3399014778325123,0.30122526674841155,0.09684825,0.24599166467211622
68,69,0.39408866995073893,0.5578629271226342,0.1775167,0.37648943197021784
69,70,0.5073891625615764,0.6342755026479823,0.2564846,0.46604975437697665
70,71,0.28407224958949095,0.07150417647994087,0.13002197,0.16186613350460707
71,72,0.0,0.0,0.0,0.0
72,73,0.0,0.0,0.0,0.0
73,74,0.0,0.0,0.0,0.0
74,75,0.0,0.0,0.0,0.0
75,76,0.33497536945812806,0.32041676107871114,0.100440696,0.2519442754728943
76,77,0.19704433497536947,0.2789314635613171,0.08875835,0.18824471598510892
77,78,0.39408866995073893,0.5578629271226342,0.1775167,0.37648943197021784
78,79,0.06732348111658457,0.06394106480554783,0.053480353,0.06158163304284283
79,80,0.0,0.0,0.0,0.0
80,81,0.0,0.0,0.0,0.0
81,82,0.13793103448275862,0.03986200108849551,0.0103749195,0.06272265169421065
82,83,0.0,0.0,0.0,0.0
83,84,0.0,0.0,0.0,0.0
84,85,0.0,0.0,0.0,0.0
85,86,0.0,0.0,0.0,0.0
86,87,0.0,0.0,0.0,0.0
87,88,0.0,0.0,0.0,0.0
88,89,0.0,0.0,0.0,0.0
89,90,0.0,0.0,0.0,0.0
90,91,0.0,0.0,0.0,0.0
91,92,0.0,0.0,0.0,0.0
92,93,0.0,0.0,0.0,0.0
93,94,0.0,0.0,0.0,0.0
94,95,0.39408866995073893,0.5578629271226342,0.1775167,0.37648943197021784
95,96,0.19704433497536947,0.2789314635613171,0.08875835,0.18824471598510892
96,97,0.13793103448275862,0.041485297517394056,0.011682343,0.06369955824602193
97,98,0.47783251231527096,0.42274807230417294,0.23826143,0.37961400535835205
98,99,0.4909688013136289,0.7635429599487579,0.31976804,0.524759934211562
99,100,0.06896551724137931,0.002086146763835554,0.008985246,0.0266789698685192
100,101,0.2594417077175698,0.09348048555321438,0.050338984,0.13442039226885025
101,102,0.0,0.0,0.0,0.0
102,103,0.0,0.0,0.0,0.0
103,104,0.0,0.0,0.0,0.0
104,105,0.0,0.0,0.0,0.0
105,106,0.0,0.0,0.0,0.0
106,107,0.0,0.0,0.0,0.0
107,108,0.0,0.0,0.0,0.0
108,109,0.0,0.0,0.0,0.0
109,110,0.0,0.0,0.0,0.0
110,111,0.2889983579638752,0.1250432122241997,0.026617568,0.14688637939144158
111,112,0.6239737274220033,0.8313911763155415,0.17211895,0.542494616882483
112,113,0.6436781609195402,0.3963503177329404,0.14004193,0.39335680370537557
113,114,0.19704433497536947,0.2789314635613171,0.08875835,0.18824471598510892
114,115,0.09688013136288999,0.031402960653930376,0.011746537,0.04667654298571886
115,116,0.07060755336617405,0.04906066147108635,0.0017152309,0.040461148569727885
116,117,0.19704433497536947,0.2789314635613171,0.08875835,0.18824471598510892
117,118,0.0,0.0,0.0,0.0
118,119,0.23645320197044334,0.3294161876163002,0.114317656,0.22672901505003265
119,120,0.45977011494252873,0.11521427471689236,0.034111466,0.20303195197272847
120,121,0.39408866995073893,0.5578629271226342,0.1775167,0.37648943197021784
121,122,0.19704433497536947,0.2789314635613171,0.08875835,0.18824471598510892
122,123,1.0,0.36462483553782526,0.13585395,0.5001595939155931
123,124,0.6371100164203612,0.29972615194912394,1.0,0.6456120561231617
124,125,0.0,0.0,0.0,0.0
125,126,0.451559934318555,0.5578629271226342,0.18003716,0.396486672396201
126,127,0.0,0.0,0.0,0.0
127,128,0.4942528735632184,0.5988754931393477,0.19589527,0.42967454540523214
128,129,0.0,0.0,0.0,0.0
129,130,0.3464696223316913,0.40667134858838627,0.19286726,0.31533607835721694
130,131,0.4220032840722496,0.5784480640900014,0.1906004,0.3970172477882959
131,132,0.0,0.0,0.0,0.0
132,133,0.0,0.0,0.0,0.0
133,134,0.19704433497536947,0.2789314635613171,0.08875835,0.18824471598510892
134,135,0.0,0.0,0.0,0.0
135,136,0.5648604269293924,0.5712997428288957,0.19385228,0.4433374817894194
136,137,0.0,0.0,0.0,0.0
137,138,0.0,0.0,0.0,0.0
138,139,0.5238095238095238,0.3533131358577188,0.14737271,0.3414984557972713
139,140,0.722495894909688,0.36752540833028063,0.15574807,0.41525645750877166
140,141,0.39408866995073893,0.5578629271226342,0.1775167,0.37648943197021784
141,142,0.0,0.0,0.0,0.0
142,143,0.0,0.0,0.0,0.0
143,144,0.0,0.0,0.0,0.0
144,145,0.0,0.0,0.0,0.0
145,146,0.0,0.0,0.0,0.0
146,147,0.19704433497536947,0.2789314635613171,0.08875835,0.18824471598510892
147,148,0.0,0.0,0.0,0.0
148,149,0.0,0.0,0.0,0.0
149,150,0.0,0.0,0.0,0.0
150,151,0.0,0.0,0.0,0.0
151,152,0.0,0.0,0.0,0.0
152,153,0.0,0.0,0.0,0.0
153,154,0.19704433497536947,0.2789314635613171,0.08875835,0.18824471598510892
154,155,0.0,0.0,0.0,0.0
155,156,0.30377668308702793,0.5455045277300091,0.209254,0.35284506914255953
156,157,0.19704433497536947,0.2789314635613171,0.08875835,0.18824471598510892
157,158,0.367816091954023,0.347277568237645,0.15227288,0.28912218008967666
158,159,0.26108374384236455,0.42380877885628193,0.126204,0.27036550720731606
159,160,0.722495894909688,0.530448050811069,0.09891224,0.45061872826515464
160,161,0.4318555008210181,0.44767466458206323,0.103085786,0.32753865050242786
161,162,0.2676518883415435,0.31038229074659146,0.11333712,0.2304571003306771
162,163,0.39408866995073893,0.5578629271226342,0.1775167,0.37648943197021784
163,164,0.39408866995073893,0.5578629271226342,0.1775167,0.37648943197021784
164,165,0.44170771756978655,0.3452457088755477,0.1509953,0.3126495752218064
165,166,0.5369458128078818,0.669162280705005,0.24875778,0.48495529103704094
166,167,0.39408866995073893,0.5578629271226342,0.1775167,0.37648943197021784
167,168,0.19704433497536947,0.2789314635613171,0.08875835,0.18824471598510892
168,169,0.2561576354679803,0.30594058728180845,0.11007779,0.22405867122191828
169,170,0.7848932676518884,0.7698096355680643,0.05875821,0.5378203712035863
170,171,0.39408866995073893,0.5578629271226342,0.1775167,0.37648943197021784
171,172,0.5566502463054187,0.44533907942632234,0.2349494,0.4123129069307601
172,173,0.0,0.0,0.0,0.0
173,174,0.0,0.0,0.0,0.0
174,175,0.39408866995073893,0.5578629271226342,0.1775167,0.37648943197021784
175,176,0.0,0.0,0.0,0.0
176,177,0.0,0.0,0.0,0.0
177,178,0.0,0.0,0.0,0.0
178,179,0.0,0.0,0.0,0.0
179,180,0.0,0.0,0.0,0.0
180,181,0.0,0.0,0.0,0.0
181,182,0.0,0.0,0.0,0.0
182,183,0.5829228243021346,0.4077250755772809,0.09945867,0.3633688573285605
183,184,0.12479474548440066,0.019056102468580832,0.033924937,0.059258595067070485
184,185,0.49917898193760263,0.8625490446269874,0.3418738,0.5678672737862243
185,186,0.4696223316912972,0.38647366852853293,0.12314594,0.3264139793798156
186,187,0.0,0.0,0.0,0.0
187,188,0.0,0.0,0.0,0.0
188,189,0.0,0.0,0.0,0.0
189,190,0.46469622331691296,0.16790810058555866,0.046010498,0.2262049406199799
190,191,0.10344827586206896,0.009851635526223167,0.013746182,0.04234869794085099
191,192,0.0,0.0,0.0,0.0
192,193,0.42857142857142855,0.1525636090446745,0.028265376,0.20313347108669055
193,194,0.458128078817734,0.08265507409081382,0.03630777,0.1923636412224717
194,195,0.4482758620689655,0.5678008861355701,0.18328492,0.3997872238795977
195,196,0.0,0.0,0.0,0.0
196,197,0.3727422003284072,0.3040382042467559,0.0936694,0.25681660139808854
197,198,0.451559934318555,0.583997556518559,0.17658477,0.4040474187173899
198,199,0.0,0.0,0.0,0.0
199,200,0.19704433497536947,0.2789314635613171,0.08875835,0.18824471598510892
200,201,0.0,0.0,0.0,0.0
201,202,0.9671592775041051,0.664874008024264,0.11253657,0.5815232858160958
202,203,0.19704433497536947,0.2789314635613171,0.08875835,0.18824471598510892
203,204,0.39408866995073893,0.5578629271226342,0.1775167,0.37648943197021784
204,205,0.4975369458128079,0.6453558948238244,0.15936856,0.4340871334515881
205,206,0.19704433497536947,0.2789314635613171,0.08875835,0.18824471598510892
206,207,0.0,0.0,0.0,0.0
207,208,0.7619047619047619,0.6350433840440963,0.12152341,0.5061571853435739
208,209,0.39408866995073893,0.5578629271226342,0.1775167,0.37648943197021784
209,210,0.32348111658456485,0.3158438250162434,0.13183278,0.257052573351545
210,211,0.39408866995073893,0.5578629271226342,0.1775167,0.37648943197021784
211,212,0.0,0.0,0.0,0.0
212,213,0.0,0.0,0.0,0.0
213,214,0.0,0.0,0.0,0.0
214,215,0.19704433497536947,0.2789314635613171,0.08875835,0.18824471598510892
215,216,0.19704433497536947,0.2789314635613171,0.08875835,0.18824471598510892
216,217,0.0,0.0,0.0,0.0
217,218,0.0,0.0,0.0,0.0
218,219,0.3333333333333333,0.29383267168977695,0.09519709,0.2407876980131826
219,220,0.0,0.0,0.0,0.0
220,221,0.0,0.0,0.0,0.0
221,222,0.041050903119868636,0.00622258341312478,0.0020779346,0.016450473699338667
222,223,0.27257799671592775,0.033230096154832474,0.033345614,0.11305123549979536
223,224,0.0,0.0,0.0,0.0
224,225,0.19704433497536947,0.2789314635613171,0.08875835,0.18824471598510892
225,226,0.0,0.0,0.0,0.0
226,227,0.0,0.0,0.0,0.0
227,228,0.0,0.0,0.0,0.0
228,229,0.277504105090312,0.1918056073079595,0.06447355,0.17792775314656253
229,230,0.39408866995073893,0.5578629271226342,0.1775167,0.37648943197021784
230,231,0.0,0.0,0.0,0.0
231,232,0.10673234811165845,0.26657306416869203,0.12049565,0.1646003531574506
232,233,0.16584564860426929,0.816374524571961,0.20384294,0.3953543703741833
233,234,0.0,0.0,0.0,0.0
234,235,0.0,0.0,0.0,0.0
235,236,0.0,0.0,0.0,0.0
236,237,0.0,0.0,0.0,0.0
237,238,0.0,0.0,0.0,0.0
238,239,0.5944170771756979,0.5714312592771574,0.16148318,0.44244383998533543
239,240,0.0,0.0,0.0,0.0
240,241,0.0,0.0,0.0,0.0
241,242,0.39408866995073893,0.5578629271226342,0.1775167,0.37648943197021784
242,243,0.26436781609195403,0.321011830466415,0.1046919,0.23002384895708985
243,244,0.0,0.0,0.0,0.0
244,245,0.05747126436781609,0.025995736277273654,0.03428765,0.03925155026107649
245,246,0.4548440065681445,0.6001387498193828,0.20374416,0.41957563817876425
246,247,0.39408866995073893,0.3415522805752363,0.111592606,0.2824111854120016
247,248,0.39408866995073893,0.5578629271226342,0.1775167,0.37648943197021784
248,249,0.2019704433497537,0.05892215232920041,0.030859059,0.09725055146726926
249,250,0.3825944170771757,0.2273919459478785,0.12191794,0.24396810123375548
250,251,0.2545155993431856,0.3056869957315398,0.12170169,0.22730142754970398
251,252,0.0,0.0,0.0,0.0
252,253,0.0,0.0,0.0,0.0
253,254,0.6715927750410509,0.330756180572532,0.05072229,0.35102374848134305
254,255,0.4466338259441708,0.5591925090662638,0.18474667,0.39685766758438795
255,256,0.5303776683087028,0.9636385119236849,0.17758964,0.5572019400845706
256,257,0.7422003284072249,0.5614022920386958,0.1306806,0.4780944087383594
257,258,0.4548440065681445,0.4015885057203265,0.17197874,0.34280375139090086
258,259,0.39408866995073893,0.5578629271226342,0.1775167,0.37648943197021784
259,260,0.22824302134646962,0.03537297868883179,0.054157495,0.10592449851131953
260,261,0.5435139573070608,0.37312771452612303,0.11688368,0.3445084506858675
261,262,0.0,0.0,0.0,0.0
262,263,0.0,0.0,0.0,0.0
263,264,0.39408866995073893,0.5578629271226342,0.1775167,0.37648943197021784
264,265,0.3218390804597701,0.473866349899757,0.1499349,0.31521344438224524
265,266,0.0,0.0,0.0,0.0
266,267,0.0,0.0,0.0,0.0
267,268,0.0,0.0,0.0,0.0
268,269,0.0,0.0,0.0,0.0
269,270,0.0,0.0,0.0,0.0
270,271,0.10673234811165845,0.26657306416869203,0.12049565,0.1646003531574506
271,272,0.1330049261083744,0.0569452521768989,0.047222212,0.0790574634140837
272,273,0.0,0.0,0.0,0.0
273,274,0.0,0.0,0.0,0.0
274,275,0.0,0.0,0.0,0.0
275,276,0.39408866995073893,0.5578629271226342,0.1775167,0.37648943197021784
276,277,0.0,0.0,0.0,0.0
277,278,0.052545155993431854,0.003478349299357719,0.010560025,0.022194510251269218
278,279,0.0,0.0,0.0,0.0
279,280,0.0,0.0,0.0,0.0
280,281,0.0,0.0,0.0,0.0
281,282,0.23809523809523808,0.2851540469744419,0.09083629,0.2046951905381599
282,283,0.0,0.0,0.0,0.0
283,284,0.39408866995073893,0.5578629271226342,0.1775167,0.37648943197021784
284,285,0.0,0.0,0.0,0.0
285,286,0.0,0.0,0.0,0.0
286,287,0.0,0.0,0.0,0.0
287,288,0.0,0.0,0.0,0.0
288,289,0.5911330049261084,0.8367943906839512,0.26627505,0.5647341479553267
289,290,0.49261083743842365,0.6546915144963412,0.14196335,0.42975523324246345
290,291,0.48932676518883417,0.3681596274706743,0.114649706,0.32404536608277534
291,292,0.5008210180623974,0.8244359912913262,0.29801235,0.5410897851276685
292,293,0.19704433497536947,0.2789314635613171,0.08875835,0.18824471598510892
293,294,0.0,0.0,0.0,0.0
294,295,0.19704433497536947,0.2789314635613171,0.08875835,0.18824471598510892
295,296,0.19704433497536947,0.2789314635613171,0.08875835,0.18824471598510892
296,297,0.39408866995073893,0.5578629271226342,0.1775167,0.37648943197021784
297,298,0.3021346469622332,0.31546399084281523,0.10639533,0.24133132145327454
298,299,0.39408866995073893,0.5578629271226342,0.1775167,0.37648943197021784
299,300,0.39408866995073893,0.5578629271226342,0.1775167,0.37648943197021784
300,301,0.0,0.0,0.0,0.0
301,302,0.5188834154351396,0.425742380105647,0.21290176,0.38584251723606616
302,303,0.2988505747126437,0.2950026833352868,0.09477032,0.2295411926025921
303,304,0.19704433497536947,0.2789314635613171,0.08875835,0.18824471598510892
304,305,0.0,0.0,0.0,0.0
305,306,0.6962233169129721,0.5838766294506451,0.07094519,0.4503483782555822
306,307,0.24958949096880131,0.08988380005916194,0.031562,0.12367843051368001
307,308,0.0,0.0,0.0,0.0
308,309,0.08702791461412152,0.0001388580544656329,0.008449746,0.031872172988132295
309,310,0.6863711001642037,0.47095124063529625,0.13838848,0.4319036085053051
310,311,0.5747126436781609,0.7547620684402223,0.19607483,0.5085165135412998
311,312,0.2315270935960591,0.12177815671150369,0.011515354,0.12160686803795988
312,313,0.3530377668308703,0.3107670683570781,0.12444929,0.2627513751743756
313,314,0.0,0.0,0.0,0.0
314,315,0.19704433497536947,0.2789314635613171,0.08875835,0.18824471598510892
315,316,0.0,0.0,0.0,0.0
316,317,0.19704433497536947,0.2789314635613171,0.08875835,0.18824471598510892
317,318,0.5139573070607554,0.3731509975308206,0.13303949,0.34004926466001395
318,319,0.0,0.0,0.0,0.0
319,320,0.39408866995073893,0.5578629271226342,0.1775167,0.37648943197021784
320,321,0.5303776683087028,0.417407516589207,0.298132,0.4153057290838593
321,322,0.19704433497536947,0.2789314635613171,0.08875835,0.18824471598510892
322,323,0.19704433497536947,0.2789314635613171,0.08875835,0.18824471598510892
323,324,0.39408866995073893,0.5578629271226342,0.1775167,0.37648943197021784
324,325,0.2939244663382594,0.3063150963970624,0.11658981,0.23894312323641867
325,326,0.19704433497536947,0.2789314635613171,0.08875835,0.18824471598510892
326,327,0.0,0.0,0.0,0.0
327,328,0.0,0.0,0.0,0.0
328,329,0.041050903119868636,0.00622258341312478,0.0020779346,0.016450473699338667
329,330,0.0,0.0,0.0,0.0
330,331,0.0,0.0,0.0,0.0
331,332,0.0,0.0,0.0,0.0
332,333,0.0,0.0,0.0,0.0
333,334,0.0,0.0,0.0,0.0
334,335,0.0,0.0,0.0,0.0
335,336,0.0,0.0,0.0,0.0
336,337,0.0,0.0,0.0,0.0
337,338,0.0,0.0,0.0,0.0
338,339,0.0,0.0,0.0,0.0
339,340,0.0,0.0,0.0,0.0
340,341,0.0,0.0,0.0,0.0
341,342,0.0,0.0,0.0,0.0
342,343,0.0,0.0,0.0,0.0
343,344,0.0,0.0,0.0,0.0
344,345,0.0,0.0,0.0,0.0
345,346,0.0,0.0,0.0,0.0
346,347,0.0,0.0,0.0,0.0
347,348,0.041050903119868636,0.00622258341312478,0.0020779346,0.016450473699338667
348,349,0.1510673234811166,0.015167515508980363,0.009397228,0.058544022412838105
349,350,0.0,0.0,0.0,0.0
350,351,0.0,0.0,0.0,0.0
351,352,0.041050903119868636,0.00622258341312478,0.0020779346,0.016450473699338667
352,353,0.0,0.0,0.0,0.0
353,354,0.0,0.0,0.0,0.0
354,355,0.2889983579638752,0.06795344941083742,0.05429625,0.13708268625370554
355,356,0.0,0.0,0.0,0.0
356,357,0.0,0.0,0.0,0.0
357,358,0.39408866995073893,0.5578629271226342,0.1775167,0.37648943197021784
358,359,0.0,0.0,0.0,0.0
359,360,0.0,0.0,0.0,0.0
360,361,0.0,0.0,0.0,0.0
361,362,0.722495894909688,0.7346429549293065,0.15183067,0.536323174352256
362,363,0.0,0.0,0.0,0.0
363,364,0.0,0.0,0.0,0.0
364,365,0.23809523809523808,0.2851540469744419,0.09083629,0.2046951905381599
365,366,0.0,0.0,0.0,0.0
366,367,0.0,0.0,0.0,0.0
367,368,0.5188834154351396,0.6372869224623435,0.21877953,0.4583166239996565
368,369,0.19704433497536947,0.2789314635613171,0.08875835,0.18824471598510892
369,370,0.2627257799671593,0.20796852325148552,0.02798957,0.16622795775669216
370,371,0.19704433497536947,0.2789314635613171,0.08875835,0.18824471598510892
371,372,0.7208538587848933,0.3754145262775796,0.11061075,0.40229304612009287
372,373,0.0,0.0,0.0,0.0
373,374,0.19704433497536947,0.2789314635613171,0.08875835,0.18824471598510892
374,375,0.5665024630541872,0.5188747374661399,0.16809945,0.41782554953505274
375,376,0.0,0.0,0.0,0.0
376,377,0.0,0.0,0.0,0.0
377,378,0.0,0.0,0.0,0.0
378,379,0.39080459770114945,0.36099514481366735,0.1052186,0.2856727797570917
379,380,0.6190476190476191,0.6832115739859728,0.2613326,0.5211972647808049
380,381,0.0,0.0,0.0,0.0
381,382,0.3399014778325123,0.30122526674841155,0.09684825,0.24599166467211622
382,383,0.0,0.0,0.0,0.0
383,384,0.39408866995073893,0.5578629271226342,0.1775167,0.37648943197021784
384,385,0.39408866995073893,0.5578629271226342,0.1775167,0.37648943197021784
385,386,0.4614121510673235,0.6279186185372471,0.18599615,0.4251089715381884
386,387,0.0,0.0,0.0,0.0
387,388,0.39408866995073893,0.5578629271226342,0.1775167,0.37648943197021784
388,389,0.39408866995073893,0.5578629271226342,0.1775167,0.37648943197021784
389,390,0.5188834154351396,0.5821009528396723,0.18839724,0.429793870631259
390,391,0.42857142857142855,0.35560591661063007,0.12683648,0.3036712746307444
391,392,0.19704433497536947,0.2789314635613171,0.08875835,0.18824471598510892
392,393,0.19704433497536947,0.2789314635613171,0.08875835,0.18824471598510892
393,394,0.39408866995073893,0.5578629271226342,0.1775167,0.37648943197021784
394,395,0.44170771756978655,0.4999558014825805,0.33645308,0.42603886640989136
395,396,0.4302134646962233,0.5741419659635121,0.3334324,0.4459292789489309
396,397,0.39408866995073893,0.5578629271226342,0.1775167,0.37648943197021784
397,398,0.08538587848932677,0.04857453162165592,0.03509254,0.05635098339876613
398,399,0.23809523809523808,0.1360680578790872,0.041301988,0.13848842801318936
399,400,0.0,0.0,0.0,0.0
400,401,0.80623973727422,1.0,0.034659166,0.6136329677210816
401,402,0.0,0.0,0.0,0.0
402,403,0.0,0.0,0.0,0.0
403,404,0.19704433497536947,0.2789314635613171,0.08875835,0.18824471598510892
404,405,0.0,0.0,0.0,0.0
405,406,0.3464696223316913,0.11692444372846801,0.011651838,0.15834863475282115
406,407,0.0,0.0,0.0,0.0
407,408,0.4696223316912972,0.30873596506330175,0.098325685,0.29222799380707754
408,409,0.6174055829228243,0.3488813333812605,0.08494139,0.35040943449353285
409,410,0.0,0.0,0.0,0.0
410,411,0.0,0.0,0.0,0.0
411,412,0.0,0.0,0.0,0.0
412,413,0.22495894909688013,0.19667815034895317,0.07150986,0.16438231996727437
413,414,0.0,0.0,0.0,0.0
414,415,0.0,0.0,0.0,0.0
415,416,0.5829228243021346,0.6418592604024724,0.26118323,0.4953217722578742
416,417,0.37110016420361247,0.3178517725106604,0.09453303,0.2611616567944226
417,418,0.16584564860426929,0.03075932769619672,0.02921976,0.07527491197621423
418,419,0.0,0.0,0.0,0.0
419,420,0.0,0.0,0.0,0.0
420,421,0.0,0.0,0.0,0.0
421,422,0.0,0.0,0.0,0.0
422,423,0.0,0.0,0.0,0.0
423,424,0.0,0.0,0.0,0.0
424,425,0.0,0.0,0.0,0.0
425,426,0.2627257799671593,0.1393303259908391,0.034194622,0.1454169093822683
426,427,0.0,0.0,0.0,0.0
427,428,0.19704433497536947,0.2789314635613171,0.08875835,0.18824471598510892
428,429,0.6699507389162561,0.4299567950744391,0.12311719,0.407674909190123
429,430,0.4614121510673235,0.621803991928182,0.23099707,0.4380710712218778
430,431,0.15599343185550082,0.04087169570526789,0.00921926,0.06869479583858588
431,432,0.4942528735632184,0.371861054384438,0.11095322,0.3256890490608666
432,433,0.0,0.0,0.0,0.0
433,434,0.0,0.0,0.0,0.0
434,435,0.0,0.0,0.0,0.0
435,436,0.0,0.0,0.0,0.0
436,437,0.0,0.0,0.0,0.0
437,438,0.0,0.0,0.0,0.0
438,439,0.0,0.0,0.0,0.0
439,440,0.0,0.0,0.0,0.0
440,441,0.0,0.0,0.0,0.0
441,442,0.0,0.0,0.0,0.0
442,443,0.0,0.0,0.0,0.0
443,444,0.0,0.0,0.0,0.0
444,445,0.0,0.0,0.0,0.0
445,446,0.0,0.0,0.0,0.0
446,447,0.0,0.0,0.0,0.0
447,448,0.0,0.0,0.0,0.0
448,449,0.0,0.0,0.0,0.0
449,450,0.0,0.0,0.0,0.0
450,451,0.0,0.0,0.0,0.0
451,452,0.0,0.0,0.0,0.0
452,453,0.0,0.0,0.0,0.0
453,454,0.0,0.0,0.0,0.0
454,455,0.0,0.0,0.0,0.0
455,456,0.0,0.0,0.0,0.0
456,457,0.0,0.0,0.0,0.0
457,458,0.0,0.0,0.0,0.0
458,459,0.0,0.0,0.0,0.0
459,460,0.0,0.0,0.0,0.0
460,461,0.0,0.0,0.0,0.0
461,462,0.0,0.0,0.0,0.0
462,463,0.0,0.0,0.0,0.0
463,464,0.0,0.0,0.0,0.0
464,465,0.0,0.0,0.0,0.0
465,466,0.0,0.0,0.0,0.0
466,467,0.0,0.0,0.0,0.0
467,468,0.0,0.0,0.0,0.0
468,469,0.0,0.0,0.0,0.0
469,470,0.0,0.0,0.0,0.0
470,471,0.0,0.0,0.0,0.0
471,472,0.0,0.0,0.0,0.0
472,473,0.0,0.0,0.0,0.0
473,474,0.0,0.0,0.0,0.0
474,475,0.0,0.0,0.0,0.0
475,476,0.0,0.0,0.0,0.0
476,477,0.0,0.0,0.0,0.0
477,478,0.0,0.0,0.0,0.0
478,479,0.0,0.0,0.0,0.0
479,480,0.0,0.0,0.0,0.0
480,481,0.0,0.0,0.0,0.0
481,482,0.0,0.0,0.0,0.0
482,483,0.0,0.0,0.0,0.0
483,484,0.0,0.0,0.0,0.0
484,485,0.0,0.0,0.0,0.0
485,486,0.0,0.0,0.0,0.0
486,487,0.0,0.0,0.0,0.0
487,488,0.0,0.0,0.0,0.0
488,489,0.0,0.0,0.0,0.0
489,490,0.0,0.0,0.0,0.0
490,491,0.0,0.0,0.0,0.0
491,492,0.0,0.0,0.0,0.0
492,493,0.0,0.0,0.0,0.0
493,494,0.0,0.0,0.0,0.0
494,495,0.0,0.0,0.0,0.0
495,496,0.0,0.0,0.0,0.0
496,497,0.0,0.0,0.0,0.0
497,498,0.0,0.0,0.0,0.0
498,499,0.0,0.0,0.0,0.0
499,500,0.0,0.0,0.0,0.0
500,501,0.0,0.0,0.0,0.0
501,502,0.0,0.0,0.0,0.0
502,503,0.0,0.0,0.0,0.0
503,504,0.0,0.0,0.0,0.0
504,505,0.0,0.0,0.0,0.0
