,feature,value,standard_value
0,1,0.0,0.0
1,2,0.0,0.0
2,3,0.0,0.0
3,4,0.0,0.0
4,5,0.0,0.0
5,6,0.0,0.0
6,7,0.0,0.0
7,8,0.0,0.0
8,9,0.0,0.0
9,10,0.0,0.0
10,11,0.0,0.0
11,12,0.0,0.0
12,13,0.0,0.0
13,14,0.0,0.0
14,15,0.0,0.0
15,16,0.0,0.0
16,17,0.0,0.0
17,18,0.0,0.0
18,19,0.0,0.0
19,20,0.0,0.0
20,21,0.0,0.0
21,22,0.0,0.0
22,23,0.0,0.0
23,24,0.0,0.0
24,25,0.000635301,0.0011251611
25,26,0.55101395,0.975883
26,27,0.27550697,0.4879415
27,28,0.55101395,0.975883
28,29,0.28356117,0.502206
29,30,0.001905903,0.0033754832
30,31,0.27947894,0.4949761
31,32,0.27550697,0.4879415
32,33,0.0,0.0
33,34,0.27614227,0.48906666
34,35,0.55101395,0.975883
35,36,0.0,0.0
36,37,0.275507,0.48794153
37,38,0.0,0.0
38,39,0.0,0.0
39,40,0.0,0.0
40,41,0.0,0.0
41,42,0.0,0.0
42,43,0.0,0.0
43,44,0.0,0.0
44,45,0.0019559544,0.0034641274
45,46,0.27550697,0.4879415
46,47,0.0,0.0
47,48,0.0,0.0
48,49,0.0,0.0
49,50,0.0,0.0
50,51,0.0,0.0
51,52,0.0,0.0
52,53,0.27550697,0.4879415
53,54,0.27550697,0.4879415
54,55,0.0,0.0
55,56,0.27550697,0.4879415
56,57,0.000635301,0.0011251611
57,58,0.27614227,0.48906666
58,59,0.0,0.0
59,60,0.27550697,0.4879415
60,61,0.000635301,0.0011251611
61,62,0.27550697,0.4879415
62,63,0.55101395,0.975883
63,64,0.27614227,0.48906666
64,65,0.27614227,0.48906666
65,66,0.5516492,0.9770081
66,67,0.0,0.0
67,68,0.0,0.0
68,69,0.0,0.0
69,70,0.000635301,0.0011251611
70,71,0.55291986,0.9792585
71,72,0.0038061738,0.0067409915
72,73,0.5522846,0.9781334
73,74,0.27614227,0.48906666
74,75,0.009057861,0.016042085
75,76,0.55101395,0.975883
76,77,0.55101395,0.975883
77,78,0.5516493,0.97700816
78,79,0.053296253,0.09439127
79,80,0.27614227,0.48906666
80,81,0.27614227,0.48906666
81,82,0.2761423,0.4890667
82,83,0.27677757,0.4901918
83,84,0.55101395,0.975883
84,85,0.0,0.0
85,86,0.27677757,0.4901918
86,87,0.5516492,0.9770081
87,88,0.0,0.0
88,89,0.5516492,0.9770081
89,90,0.0,0.0
90,91,0.000635301,0.0011251611
91,92,0.000635301,0.0011251611
92,93,0.0,0.0
93,94,0.27614227,0.48906666
94,95,0.27614227,0.48906666
95,96,0.5586524,0.98941123
96,97,0.0,0.0
97,98,0.27677757,0.4901918
98,99,0.27550697,0.4879415
99,100,0.0,0.0
100,101,0.0,0.0
101,102,0.0,0.0
102,103,0.27677757,0.4901918
103,104,0.0,0.0
104,105,0.27550697,0.4879415
105,106,0.0,0.0
106,107,0.27614227,0.48906666
107,108,0.27550697,0.4879415
108,109,0.27550697,0.4879415
109,110,0.000635301,0.0011251611
110,111,0.27550697,0.4879415
111,112,0.0,0.0
112,113,0.0,0.0
113,114,0.27550697,0.4879415
114,115,0.27550697,0.4879415
115,116,0.0,0.0
116,117,0.0,0.0
117,118,0.27677757,0.4901918
118,119,0.27614227,0.48906666
119,120,0.27614227,0.48906666
120,121,0.0,0.0
121,122,0.27614227,0.48906666
122,123,0.27550697,0.4879415
123,124,0.55101395,0.975883
124,125,0.27550697,0.4879415
125,126,0.27677757,0.4901918
126,127,0.27614227,0.48906666
127,128,0.27614227,0.48906666
128,129,0.5516493,0.97700816
129,130,0.27614227,0.48906666
130,131,0.55228454,0.9781333
131,132,0.018208968,0.032249313
132,133,0.55801713,0.9882861
133,134,0.27550697,0.4879415
134,135,0.55101395,0.975883
135,136,0.27550697,0.4879415
136,137,0.55101395,0.975883
137,138,0.55101395,0.975883
138,139,0.27550697,0.4879415
139,140,0.27614227,0.48906666
140,141,0.27677757,0.4901918
141,142,0.0,0.0
142,143,0.27614227,0.48906666
143,144,0.0,0.0
144,145,0.5537185,0.98067296
145,146,0.2756582,0.4882093
146,147,0.27550697,0.4879415
147,148,0.0,0.0
148,149,0.27550697,0.4879415
149,150,0.5516493,0.97700816
150,151,0.55101395,0.975883
151,152,0.27614227,0.48906666
152,153,1.201585e-08,2.1280883e-08
153,154,0.27614227,0.48906666
154,155,0.0,0.0
155,156,0.55101395,0.975883
156,157,0.27677757,0.4901918
157,158,0.27550697,0.4879415
158,159,0.0,0.0
159,160,0.27550697,0.4879415
160,161,0.27550697,0.4879415
161,162,0.0,0.0
162,163,0.27614227,0.48906666
163,164,0.27550697,0.4879415
164,165,0.000635301,0.0011251611
165,166,0.27550697,0.4879415
166,167,0.27614227,0.48906666
167,168,0.27550697,0.4879415
168,169,0.0,0.0
169,170,0.27614227,0.48906666
170,171,0.04533667,0.08029431
171,172,0.27550697,0.4879415
172,173,0.000635301,0.0011251611
173,174,0.27550697,0.4879415
174,175,0.27550697,0.4879415
175,176,0.27550697,0.4879415
176,177,0.27677757,0.4901918
177,178,0.27550697,0.4879415
178,179,0.5516492,0.9770081
179,180,0.55738187,0.987161
180,181,0.27550697,0.4879415
181,182,0.27550697,0.4879415
182,183,0.27741286,0.49131694
183,184,0.28314546,0.5014698
184,185,0.27677757,0.4901918
185,186,0.55101395,0.975883
186,187,0.27550697,0.4879415
187,188,0.27648544,0.48967442
188,189,0.0012815243,0.0022696662
189,190,0.27550697,0.4879415
190,191,0.5516492,0.9770081
191,192,0.0001828797,0.0003238923
192,193,0.0,0.0
193,194,0.27614227,0.48906666
194,195,0.0,0.0
195,196,0.0,0.0
196,197,0.55101395,0.975883
197,198,0.0,0.0
198,199,0.28251016,0.50034463
199,200,0.27678058,0.49019712
200,201,0.55101395,0.975883
201,202,0.000635301,0.0011251611
202,203,0.27550697,0.4879415
203,204,0.27550697,0.4879415
204,205,0.0,0.0
205,206,0.27550697,0.4879415
206,207,0.27614227,0.48906666
207,208,0.0,0.0
208,209,0.0,0.0
209,210,0.27550697,0.4879415
210,211,0.27614227,0.48906666
211,212,0.0,0.0
212,213,0.27677757,0.4901918
213,214,0.0,0.0
214,215,0.2839247,0.5028499
215,216,0.0,0.0
216,217,0.0,0.0
217,218,0.27677757,0.4901918
218,219,0.000635301,0.0011251611
219,220,0.27550697,0.4879415
220,221,0.0,0.0
221,222,0.27550697,0.4879415
222,223,0.27550697,0.4879415
223,224,0.000635301,0.0011251611
224,225,0.27614227,0.48906666
225,226,0.27614227,0.48906666
226,227,0.000635301,0.0011251611
227,228,0.27677757,0.4901918
228,229,0.2851953,0.50510013
229,230,0.5516492,0.9770081
230,231,0.55228454,0.9781333
231,232,0.27741286,0.49131694
232,233,0.0,0.0
233,234,0.0,0.0
234,235,0.5516493,0.97700816
235,236,0.0,0.0
236,237,0.000635301,0.0011251611
237,238,0.55101395,0.975883
238,239,0.023614092,0.041822154
239,240,0.27614227,0.48906666
240,241,0.27614227,0.48906666
241,242,0.27550697,0.4879415
242,243,0.0,0.0
243,244,0.55228454,0.9781333
244,245,0.000635301,0.0011251611
245,246,0.27550697,0.4879415
246,247,0.41884804,0.74180824
247,248,0.3650391,0.646509
248,249,0.0,0.0
249,250,0.27550697,0.4879415
250,251,0.56463116,1.0
251,252,0.0007706821,0.0013649302
252,253,0.0,0.0
253,254,0.004938144,0.008745787
254,255,0.55101395,0.975883
255,256,0.27614227,0.48906666
256,257,0.0,0.0
257,258,0.55101395,0.975883
258,259,0.5522846,0.9781334
259,260,0.27614227,0.48906666
260,261,0.55228454,0.9781333
261,262,0.55101395,0.975883
262,263,0.27614227,0.48906666
263,264,0.27614227,0.48906666
264,265,0.001270602,0.0022503221
265,266,0.27614227,0.48906666
266,267,0.000635301,0.0011251611
267,268,0.0,0.0
268,269,0.0,0.0
269,270,0.0,0.0
270,271,0.0,0.0
271,272,0.000635301,0.0011251611
272,273,0.55101395,0.975883
273,274,0.27550697,0.4879415
274,275,0.55101395,0.975883
275,276,0.000635301,0.0011251611
276,277,0.27550697,0.4879415
277,278,0.27550697,0.4879415
278,279,0.000635301,0.0011251611
279,280,0.0,0.0
280,281,0.0,0.0
281,282,0.27550697,0.4879415
282,283,0.0,0.0
283,284,0.0,0.0
284,285,0.27550697,0.4879415
285,286,0.0,0.0
286,287,0.0,0.0
287,288,0.27550697,0.4879415
288,289,0.4108281,0.7276044
289,290,0.55101395,0.975883
290,291,0.0,0.0
291,292,0.27550697,0.4879415
292,293,0.2834165,0.50194985
293,294,0.27614227,0.48906666
294,295,0.27550697,0.4879415
295,296,0.27614227,0.48906666
296,297,0.0012806801,0.0022681712
297,298,0.27550697,0.4879415
298,299,0.0,0.0
299,300,0.27677757,0.4901918
300,301,0.0,0.0
301,302,0.0,0.0
302,303,0.27550697,0.4879415
303,304,0.32930768,0.5832262
304,305,0.5516492,0.9770081
305,306,0.27550697,0.4879415
306,307,0.5516492,0.9770081
307,308,0.27741286,0.49131694
308,309,0.001270602,0.0022503221
309,310,0.28456,0.50397503
310,311,0.27614227,0.48906666
311,312,0.27605942,0.4889199
312,313,0.001270602,0.0022503221
313,314,0.55101395,0.975883
314,315,0.55228454,0.9781333
315,316,0.27614227,0.48906666
316,317,0.27614227,0.48906666
317,318,0.002541204,0.0045006443
318,319,0.0,0.0
319,320,0.55228454,0.9781333
320,321,0.27701363,0.49060988
321,322,0.27614227,0.48906666
322,323,0.41052806,0.72707295
323,324,0.27614227,0.48906666
324,325,0.0,0.0
325,326,0.0,0.0
326,327,0.55101395,0.975883
327,328,0.0,0.0
328,329,0.000635301,0.0011251611
329,330,0.0,0.0
330,331,0.000635301,0.0011251611
331,332,0.27550697,0.4879415
332,333,0.0,0.0
333,334,0.27677757,0.4901918
334,335,0.0,0.0
335,336,0.0,0.0
336,337,0.0,0.0
337,338,0.27554482,0.48800853
338,339,0.0,0.0
339,340,0.0,0.0
340,341,0.000635301,0.0011251611
341,342,0.0,0.0
342,343,0.0,0.0
343,344,0.0,0.0
344,345,0.27550697,0.4879415
345,346,0.0,0.0
346,347,0.0,0.0
347,348,0.0,0.0
348,349,0.2761423,0.4890667
349,350,0.27550697,0.4879415
350,351,0.27614227,0.48906666
351,352,0.55101395,0.975883
352,353,0.5516492,0.9770081
353,354,0.000635301,0.0011251611
354,355,0.27614227,0.48906666
355,356,0.001270602,0.0022503221
356,357,0.55101395,0.975883
357,358,0.27550697,0.4879415
358,359,0.001270602,0.0022503221
359,360,0.27677757,0.4901918
360,361,0.000635301,0.0011251611
361,362,0.0,0.0
362,363,0.0,0.0
363,364,0.0,0.0
364,365,0.0,0.0
365,366,0.0,0.0
366,367,0.0,0.0
367,368,0.55101395,0.975883
368,369,0.27614227,0.48906666
369,370,0.55101395,0.975883
370,371,0.27550697,0.4879415
371,372,0.0,0.0
372,373,0.27614227,0.48906666
373,374,0.0,0.0
374,375,0.27550697,0.4879415
375,376,0.28251016,0.50034463
376,377,0.55101395,0.975883
377,378,0.55101395,0.975883
378,379,0.00066064234,0.0011700423
379,380,0.27550697,0.4879415
380,381,0.27550697,0.4879415
381,382,0.55101395,0.975883
382,383,0.0,0.0
383,384,0.0,0.0
384,385,0.0,0.0
385,386,0.0,0.0
386,387,0.0,0.0
387,388,0.0,0.0
388,389,0.0,0.0
389,390,0.0,0.0
390,391,0.0,0.0
391,392,0.0,0.0
392,393,0.0,0.0
393,394,0.0,0.0
394,395,0.0,0.0
395,396,0.0,0.0
396,397,0.0,0.0
397,398,0.0,0.0
398,399,0.0,0.0
399,400,0.0,0.0
400,401,0.0,0.0
401,402,0.0,0.0
402,403,0.0,0.0
403,404,0.0,0.0
404,405,0.0,0.0
405,406,0.0,0.0
406,407,0.0,0.0
407,408,0.0,0.0
