feature,mean,lgbm_with_default_parameters,rf_with_default_parameters,gbc_with_default_parameters,xgb_with_default_parameters,BayesianRidge_with_default_parameters
1,0.18230408604282264,0.2188888888888889,0.16273064638678403,0.04651724628203288,0.057722028344869614,0.42566162031153776
2,0.17621958139691168,0.3322222222222222,0.013071410125881104,0.0014316343253165044,0.0006033119861967862,0.533769328324942
3,0.10228061350837317,0.24444444444444444,0.006738045531601579,0.0008575134488838585,0.00043009608634747565,0.2589329680305885
4,0.2339568004518214,0.3288888888888889,0.16110342095712277,0.046333406639659104,0.05841796100139618,0.5750403247720403
5,0.15364885945890233,0.18555555555555556,0.1590079197737208,0.04633555052793687,0.0584431067109108,0.3189021647263877
6,0.294301471089467,0.4177777777777778,0.3135668916861322,0.09119720147457935,0.1161615327000618,0.5328039518087839
7,0.1984212490776926,0.3322222222222222,0.00879096944085202,0.0010245303390404171,0.0010318197309970856,0.6490367036553514
8,0.2222445924771951,0.35888888888888887,0.15941978100843543,0.04592018998609825,0.05853592976927757,0.48845817273327524
9,0.13965048022655777,0.16666666666666669,0.15507250961703134,0.04541039431776518,0.05779675766825676,0.2733060728630689
10,0.13501912447984063,0.20444444444444446,0.15518685973789773,0.04654102947914567,0.05777539685368538,0.21114789188403
11,0.23070618800356435,0.45888888888888885,0.16390625990666124,0.046812849058376266,0.05797674134373665,0.4259462008201586
12,0.051140306754186585,0.12222222222222222,0.0033690227658007897,0.00042875672444192927,0.00021504804317373782,0.12946648401529426
13,0.18698862177498307,0.29000000000000004,0.084779971788127,0.060551400404819496,0.0023749086540192366,0.49723682802794955
14,0.1882587709440567,0.27,0.15974064584027253,0.045836008958205,0.058658797293901443,0.4070584026279045
15,0.28533235253121314,0.49,0.1652027837888088,0.04643577749892501,0.058747489005327225,0.6662757123630046
16,0.015537882355468751,0.0,0.0012726886143060126,2.3029858694356742e-05,0.00047050858847796917,0.07592318471586541
17,0.2609934382677935,0.45666666666666667,0.15914276353957812,0.04607152863966807,0.0587993860244751,0.5842868464685793
18,0.10228061350837317,0.24444444444444444,0.006738045531601579,0.0008575134488838585,0.00043009608634747565,0.2589329680305885
19,0.1786571232797251,0.47,0.01414014079475297,0.0013692583068059267,0.0012050782097503543,0.40657113908731624
20,0.1961263757253201,0.2833333333333333,0.16867510331749072,0.05127881019519852,0.05869632959365845,0.41864830218691956
21,0.06667818910674496,0.12222222222222222,0.0046417113801068026,0.00045178658313628603,0.0006855566170997918,0.20538966873115966
22,0.051140306754186585,0.12222222222222222,0.0033690227658007897,0.00042875672444192927,0.00021504804317373782,0.12946648401529426
23,0.1050092631437477,0.24444444444444444,0.00685216156418637,0.0008575134488838585,0.00046146244858391583,0.2724307338126399
24,0.0,0.0,0.0,0.0,0.0,0.0
25,0.08830939114298268,0.1522222222222222,0.006240296841304058,0.00045178658313628603,0.0007100256043486297,0.28192262446390226
26,0.08221607147385522,0.12222222222222222,0.005914399994412815,0.00047481644183064274,0.0011560652637854218,0.28131285344702506
27,0.13711661631443356,0.24666666666666665,0.00948609834585896,0.001656038568442463,0.0009085000492632389,0.4268657779419364
28,0.0,0.0,0.0,0.0,0.0,0.0
29,0.12158058161612265,0.14777777777777779,0.15509893446016573,0.045384222375068714,0.057973239570856094,0.20166873389674486
30,0.052182511220966524,0.030000000000000002,0.019021707398092263,0.008321108998961975,0.0006399524281732738,0.2029297872796051
31,0.06667818910674496,0.12222222222222222,0.0046417113801068026,0.00045178658313628603,0.0006855566170997918,0.20538966873115966
32,0.07330958631624965,0.12222222222222222,0.004687684747175681,0.0004668067897805251,0.0007190747419372201,0.23845214308013254
33,0.05270696673553371,0.030000000000000002,0.00414396268980928,4.6059717388713484e-05,0.0009654861059971154,0.2283793251644734
34,0.13408498176089567,0.24333333333333332,0.004577315007200128,0.0005423555591445204,0.0011506520677357912,0.4208212528370647
35,0.253246992442749,0.43222222222222223,0.16207110396242397,0.04643652209999653,0.059347592294216156,0.5661575216348862
36,0.16725640132223613,0.09666666666666666,0.16988416445575308,0.242688489690077,0.10655296593904495,0.22048971985963883
37,0.16638547932634637,0.22,0.15553707919683438,0.04541996412924962,0.05814327299594879,0.3528270803096991
38,0.0844168862222167,0.13999999999999999,0.013020493609476994,0.023389325194936028,0.03906280919909477,0.2066118031075757
39,0.5739890870836111,0.6511111111111111,0.767875688275083,0.22645679157596071,0.27624163031578064,0.9482602141401199
40,0.16319684858704658,0.33666666666666667,0.004764806166717999,0.0008904768456301802,0.0006879988359287381,0.4729742944202892
41,0.23420658189733673,0.3933333333333333,0.16185590292956978,0.04624173582395257,0.05860939994454384,0.5109925374552841
42,0.15481524564762944,0.24333333333333335,0.15690048927952757,0.04687922175847666,0.05781489610671997,0.2691482877600897
43,0.17270875263132707,0.22666666666666668,0.011977805918817695,0.010293814194575257,0.008544746786355972,0.6060607295902197
44,0.17272088872828634,0.27,0.15846795722596652,0.045812979099510646,0.058188289403915405,0.33113521791203915
45,0.039321426622984705,0.02888888888888889,0.001464415492570721,6.610454915388232e-05,0.0005010277964174747,0.16568669638789257
46,0.22386119584045003,0.3922222222222222,0.1618369799917673,0.04624173582395257,0.058403339236974716,0.46060170192733335
47,0.0868807032189014,0.15666666666666668,0.004408058354789745,0.0005073179463613929,0.000784726464189589,0.2720367466624996
48,0.10228061350837317,0.24444444444444444,0.006738045531601579,0.0008575134488838585,0.00043009608634747565,0.2589329680305885
49,0.17272088872828634,0.27,0.15846795722596652,0.045812979099510646,0.058188289403915405,0.33113521791203915
50,0.309506300058595,0.8722222222222222,0.01607118679361681,0.055471122187437646,0.0050156814977526665,0.5987512875919453
51,0.1158506247597035,0.27555555555555555,0.003717785324744945,0.0012074554618116034,0.001042083604261279,0.29773024385214414
52,0.10604269940035227,0.14777777777777779,0.15382624584585972,0.045361192516374355,0.057502731680870056,0.12574554918087943
53,0.2409884352210176,0.40222222222222226,0.16316867443341512,0.04719975315408723,0.05838986858725548,0.533961657708108
54,0.22120183019910256,0.3077777777777778,0.3089595660237019,0.09089401961751316,0.11522894352674484,0.2831488440497751
55,0.22207776813045302,0.4388888888888889,0.1611320838989992,0.046233035762750806,0.05800176039338112,0.40613307170824514
56,0.0,0.0,0.0,0.0,0.0,0.0
57,0.09318409092210157,0.20444444444444443,0.007254947730665687,0.0009972011891842822,0.0043804459273815155,0.24884341531883195
58,0.06755352032763455,0.12222222222222222,0.004226540624716122,0.0006668722708861496,0.0010313839884474874,0.2096205825319008
59,0.051140306754186585,0.12222222222222222,0.0033690227658007897,0.00042875672444192927,0.00021504804317373782,0.12946648401529426
60,0.05950970460551419,0.058888888888888886,0.0022240630676222234,0.0007693182990596547,0.0005200730520300567,0.23514617971997012
61,0.18224322364130324,0.42888888888888893,0.023500229676855888,0.003503750085092658,0.0008513931534253061,0.45447185640225335
62,0.059762608970063934,0.07888888888888888,0.02528433277858454,0.015883066780534246,0.0032509909942746162,0.17550576540803736
63,0.0,0.0,0.0,0.0,0.0,0.0
64,0.24483350114664418,0.4366666666666667,0.1570681961663759,0.04546950883227897,0.05859391391277313,0.5263692201551262
65,0.1338776509850125,0.29,0.010682865637108331,0.0012740198504489462,0.00100702082272619,0.366424348614779
66,0.12444989305588432,0.24444444444444444,0.008056707512976472,0.0008955635142224544,0.0009341227123513818,0.36791862709542683
67,0.021910634212748338,0.0,0.0003758553062179912,8.959513954641102e-06,0.0013206690782681108,0.10784768716530095
68,0.0,0.0,0.0,0.0,0.0,0.0
69,0.0,0.0,0.0,0.0,0.0,0.0
70,0.006631397205139113,0.0,4.597336706887829e-05,1.502020664423915e-05,3.351810300955549e-05,0.03306247434897289
71,0.11781849585802115,0.24444444444444444,0.008010734145907592,0.0008805433075782153,0.0009006046457216144,0.3348561527464539
72,0.031075764710937502,0.0,0.0025453772286120253,4.6059717388713484e-05,0.0009410171769559383,0.15184636943173083
73,0.0,0.0,0.0,0.0,0.0,0.0
74,0.0,0.0,0.0,0.0,0.0,0.0
75,0.14454736539266155,0.16222222222222224,0.15652957481708787,0.045386098410636136,0.05804601311683655,0.3005529183965249
76,0.031075764710937502,0.0,0.0025453772286120253,4.6059717388713484e-05,0.0009410171769559383,0.15184636943173083
77,0.015537882355468751,0.0,0.0012726886143060126,2.3029858694356742e-05,0.00047050858847796917,0.07592318471586541
78,0.051140306754186585,0.12222222222222222,0.0033690227658007897,0.00042875672444192927,0.00021504804317373782,0.12946648401529426
79,0.0,0.0,0.0,0.0,0.0,0.0
80,0.07707082526583568,0.1411111111111111,0.0035870944462931685,0.00048101645607481384,0.000310262490529567,0.23986464182516976
81,0.051140306754186585,0.12222222222222222,0.0033690227658007897,0.00042875672444192927,0.00021504804317373782,0.12946648401529426
82,0.19063787772997473,0.4533333333333333,0.115540313347173,0.008140323400702873,0.0010236107045784593,0.375151807864086
83,0.09899512075935513,0.17777777777777778,0.007316465026597611,0.0012728151011972245,0.0013520097127184272,0.30725653617848464
84,0.13847116229677128,0.4211111111111111,0.00632246421065813,0.000629902956219969,0.00028680090326815844,0.26400553230259904
85,0.14238987537817538,0.33111111111111113,0.007090472115371145,0.0010714159866383117,0.00044706958578899503,0.3722293080919673
86,0.14825204168816325,0.25333333333333335,0.00828575304955853,0.0027341456145496485,0.0007784172776155174,0.47612855916575925
87,0.3186214634682537,0.5566666666666666,0.02559959374619296,0.00884847458489006,0.001992582343518734,1.0
88,0.2557797946866248,0.3966666666666667,0.1634375256358199,0.04631811186953056,0.058934763073921204,0.6135419061871856
89,0.14265247240127957,0.32333333333333336,0.016399713961684725,0.0009789433676861419,0.005214375909417868,0.3673359954342757
90,0.18981220618034308,0.3022222222222223,0.15983414517936942,0.04583185765811868,0.05834260955452919,0.3828301962874759
91,0.2469419666045153,0.45555555555555555,0.018053403008701466,0.007749750040190021,0.0010425468208268285,0.7523085775973025
92,0.1928144273267723,0.31777777777777777,0.16085527536455285,0.046180402121847326,0.058277323842048645,0.3809813575276349
93,0.09384026077259296,0.15777777777777777,0.005331681197915566,0.002090383724542819,0.0009552176925353706,0.3030462434701932
94,0.3330790030363969,0.7000000000000001,0.054468600767525834,0.032773640329543156,0.017937246710062027,0.8602155273748538
95,0.22386119584045003,0.3922222222222222,0.1618369799917673,0.04624173582395257,0.058403339236974716,0.46060170192733335
96,0.2703404724341767,0.62,0.1637335800749978,0.04852133757541762,0.05819449946284294,0.46125294505762493
97,0.1390087829044726,0.39555555555555555,0.01588689909414825,0.0015624685026593903,0.0007361172465607524,0.2813028741234391
98,0.2508247766133685,0.46555555555555556,0.15983172713952634,0.0513539275088496,0.06754428893327713,0.5098383839296339
99,0.22053642724118,0.26555555555555554,0.1608634486295436,0.04664784770629693,0.06474343687295914,0.564871847441545
100,0.2023069062311902,0.34444444444444444,0.060043004474803055,0.0011147121793255235,0.03288847953081131,0.5730438905265665
101,0.23145871493001685,0.4133333333333334,0.013848523499864655,0.0028196331696448878,0.0026769896503537893,0.7246150949968877
102,0.04044767137581583,0.014444444444444446,0.005970206455242706,4.629646021672142e-05,0.0009856909746304154,0.18079171854454484
103,0.0,0.0,0.0,0.0,0.0,0.0
104,0.04902589693497624,0.04888888888888889,0.0019630515154891877,0.005309274587708909,0.010204196907579899,0.1787640727752143
105,0.13583777423580976,0.32111111111111107,0.005426349498167769,0.00234417908245005,0.0006886067567393184,0.34961862473058064
106,0.05319986493835075,0.10555555555555556,0.0021145216371209396,0.0006806783930895687,0.001646431628614664,0.156002137477373
107,0.0,0.0,0.0,0.0,0.0,0.0
108,0.21113928305682209,0.37333333333333335,0.1578074573150868,0.045844750771408434,0.05779225379228592,0.4209186200719959
109,0.19983201488837338,0.4466666666666667,0.1594692638845989,0.04764215101191902,0.059144314378499985,0.2862376785001824
110,0.2370819161393179,0.48000000000000004,0.1626810411643902,0.050716007227275206,0.05929778888821602,0.4327147434167079
111,0.006631397205139113,0.0,4.597336706887829e-05,1.502020664423915e-05,3.351810300955549e-05,0.03306247434897289
112,0.21141523126913517,0.37333333333333335,0.16023998320452448,0.04595099852582992,0.058329615741968155,0.41922222554001987
113,0.11771508647335538,0.30333333333333334,0.029577940963061267,0.009140825567405817,0.0008474478963762522,0.2456758846066002
114,0.1276860014861132,0.20777777777777778,0.007962720838552753,0.0017494278671557127,0.0008069466566666961,0.42013313429041305
115,0.051140306754186585,0.12222222222222222,0.0033690227658007897,0.00042875672444192927,0.00021504804317373782,0.12946648401529426
116,0.12158058161612265,0.14777777777777779,0.15509893446016573,0.045384222375068714,0.057973239570856094,0.20166873389674486
117,0.3455543460124176,0.7211111111111111,0.22653286460080296,0.05208561888090246,0.06175483763217926,0.6662872978370918
118,0.17272088872828634,0.27,0.15846795722596652,0.045812979099510646,0.058188289403915405,0.33113521791203915
119,0.10228061350837317,0.24444444444444444,0.006738045531601579,0.0008575134488838585,0.00043009608634747565,0.2589329680305885
120,0.2730486877284431,0.41888888888888887,0.3781261840631174,0.15891100977964343,0.018083544448018074,0.3912338114625477
121,0.17272088872828634,0.27,0.15846795722596652,0.045812979099510646,0.058188289403915405,0.33113521791203915
122,0.0,0.0,0.0,0.0,0.0,0.0
123,0.4086664061267517,1.0,0.17559697004381136,0.07143414211302361,0.06392627954483032,0.7323746389320932
124,0.22386119584045003,0.3922222222222222,0.1618369799917673,0.04624173582395257,0.058403339236974716,0.46060170192733335
125,0.07696292350272704,0.18,0.005045415594738168,0.00042875672444192927,0.00040048733353614807,0.198939957860919
126,0.06667818910674496,0.12222222222222222,0.0046417113801068026,0.00045178658313628603,0.0006855566170997918,0.20538966873115966
127,0.015537882355468751,0.0,0.0012726886143060126,2.3029858694356742e-05,0.00047050858847796917,0.07592318471586541
128,0.0,0.0,0.0,0.0,0.0,0.0
129,0.0,0.0,0.0,0.0,0.0,0.0
130,0.09148131590393627,0.12222222222222222,0.006547772844755147,0.002771101258615932,0.004512040410190821,0.3213534427838972
131,0.17272088872828634,0.27,0.15846795722596652,0.045812979099510646,0.058188289403915405,0.33113521791203915
132,0.12158058161612265,0.14777777777777779,0.15509893446016573,0.045384222375068714,0.057973239570856094,0.20166873389674486
133,0.10604269940035227,0.14777777777777779,0.15382624584585972,0.045361192516374355,0.057502731680870056,0.12574554918087943
134,0.1989972068238724,0.3466666666666667,0.1573660642534971,0.046023660446830934,0.057737987488508224,0.387191655263859
135,0.0,0.0,0.0,0.0,0.0,0.0
136,0.0,0.0,0.0,0.0,0.0,0.0
137,0.07914706252058383,0.1111111111111111,0.0014762968864497803,0.00017236300950141954,0.0010619236854836345,0.2819136179103732
138,0.07330686790591505,0.1411111111111111,0.0033755550850012683,0.00013164283233191233,0.0006877119885757565,0.2212283185125552
139,0.015537882355468751,0.0,0.0012726886143060126,2.3029858694356742e-05,0.00047050858847796917,0.07592318471586541
140,0.051140306754186585,0.12222222222222222,0.0033690227658007897,0.00042875672444192927,0.00021504804317373782,0.12946648401529426
141,0.0,0.0,0.0,0.0,0.0,0.0
142,0.015537882355468751,0.0,0.0012726886143060126,2.3029858694356742e-05,0.00047050858847796917,0.07592318471586541
143,0.0,0.0,0.0,0.0,0.0,0.0
144,0.0780052327433445,0.16555555555555557,0.005277615498611937,0.00045178658313628603,0.0007877865573391318,0.21795341952207958
145,0.11781849585802115,0.24444444444444444,0.008010734145907592,0.0008805433075782153,0.0009006046457216144,0.3348561527464539
146,0.12446981907789005,0.24333333333333335,0.008015027144679162,0.0019909041600661473,0.0003499356098473072,0.3686598951415243
147,0.14751110017724825,0.16666666666666666,0.1553170061406581,0.0454364821067016,0.05806845426559448,0.3120668917066204
148,0.1101559445412863,0.09222222222222223,0.02508994314166531,0.03180822759508014,0.0014401449589058757,0.400219184788558
149,0.0,0.0,0.0,0.0,0.0,0.0
150,0.17230719958239984,0.3322222222222222,0.012084897313810022,0.005644744583305947,0.0033955061808228493,0.5081886276118381
151,0.15552565779010488,0.24444444444444444,0.010602084741588495,0.0009416232316111678,0.001875140005722642,0.5197649965271576
152,0.1901122049439814,0.3055555555555556,0.008871010578636488,0.001999927510086072,0.00401537399739027,0.6301191570782386
153,0.12179473707966734,0.17,0.154705337497617,0.045386506199343195,0.060412004590034485,0.1784698371113421
154,0.0,0.0,0.0,0.0,0.0,0.0
155,0.12365741733073424,0.21666666666666667,0.006129213624554173,0.0008164305623313122,0.0009807756869122386,0.3936940001132068
156,0.12499678246386722,0.3933333333333333,0.005869208343533259,0.00016266472422471283,0.0010659563122317195,0.2245527496060131
157,0.13335637821348992,0.24444444444444444,0.009283422760213605,0.0009035731662725721,0.0013711132341995835,0.4107793374623193
158,0.06837137538919551,0.15666666666666668,0.0018763498852538477,0.00043256534735632647,0.0003739604144357145,0.18250733463226498
159,0.09283686333481866,0.19777777777777775,0.005297930448014384,0.00025151309288467914,0.0010236623929813504,0.25983343296243516
160,0.10610184921665214,0.13999999999999999,0.005503837795802434,0.0005133885012012972,0.005262136459350586,0.3792298833269064
161,0.15748635123432192,0.18555555555555558,0.15748208711376374,0.045391819735647765,0.06374179571866989,0.33526049804797264
162,0.0,0.0,0.0,0.0,0.0,0.0
163,0.11870899788104339,0.3411111111111111,0.006182180188962887,0.0007233845017351752,0.001976367086172104,0.24355194651723572
164,0.22027331859095484,0.4066666666666667,0.16252621842409706,0.04655500720832294,0.05824671685695648,0.42737198379873104
165,0.13670162550402856,0.3377777777777778,0.005840816106547708,0.001015447555349009,0.00033556236303411424,0.3385385237174342
166,0.1444060888915452,0.2922222222222222,0.006479184310476361,0.0007519089855308754,0.0012401592684909701,0.4213369696710055
167,0.20026976882515202,0.36000000000000004,0.1583549345334193,0.04608895988374467,0.05833255499601364,0.3785723947125824
168,0.20832331362467968,0.3922222222222222,0.1605642913774613,0.04621870596525821,0.05793283134698868,0.3846785172114679
169,0.07809599060024475,0.16555555555555554,0.021971031405285297,0.007172637918900718,0.0001364809722872451,0.1956442471491949
170,0.19405136706514362,0.3522222222222222,0.006376798651290856,0.0012972204003781392,0.0015845922753214836,0.6087760017765054
171,0.031075764710937502,0.0,0.0025453772286120253,4.6059717388713484e-05,0.0009410171769559383,0.15184636943173083
172,0.0,0.0,0.0,0.0,0.0,0.0
173,0.20832331362467968,0.3922222222222222,0.1605642913774613,0.04621870596525821,0.05793283134698868,0.3846785172114679
174,0.05731271845820278,0.11888888888888888,0.0014793347957843604,0.00032248700416714725,9.395935194334015e-05,0.16577892225023017
175,0.0,0.0,0.0,0.0,0.0,0.0
176,0.0,0.0,0.0,0.0,0.0,0.0
177,0.0,0.0,0.0,0.0,0.0,0.0
178,0.0,0.0,0.0,0.0,0.0,0.0
179,0.02593051850873872,0.01888888888888889,0.00021807168049237875,5.225973163288463e-05,9.521443280391395e-05,0.11039815780987554
180,0.18265693147557266,0.3066666666666667,0.15702802815090108,0.04585698725057963,0.05811299756169319,0.3456199777480227
181,0.0,0.0,0.0,0.0,0.0,0.0
182,0.11170337206864897,0.16555555555555557,0.15547077959929492,0.04596499082473615,0.057980652898550034,0.13354488146510818
183,0.0,0.0,0.0,0.0,0.0,0.0
184,0.11612607449971624,0.24444444444444444,0.006934314811846366,0.0008575134488838585,0.000464660202851519,0.32792943959055504
185,0.22762328176153296,0.29555555555555557,0.3089251803060254,0.09074541489144307,0.11547597497701645,0.32741428307762427
186,0.10866018372083919,0.14777777777777779,0.15392976103770925,0.04536378004022654,0.057561006397008896,0.1386685933514734
187,0.0,0.0,0.0,0.0,0.0,0.0
188,0.0,0.0,0.0,0.0,0.0,0.0
189,0.015537882355468751,0.0,0.0012726886143060126,2.3029858694356742e-05,0.00047050858847796917,0.07592318471586541
190,0.09765970434446611,0.20777777777777778,0.004477501170318514,0.0004363920250624241,0.0003401638532523066,0.27526668689591954
191,0.0,0.0,0.0,0.0,0.0,0.0
192,0.10228061350837317,0.24444444444444444,0.006738045531601579,0.0008575134488838585,0.00043009608634747565,0.2589329680305885
193,0.12158058161612265,0.14777777777777779,0.15509893446016573,0.045384222375068714,0.057973239570856094,0.20166873389674486
194,0.10604269940035227,0.14777777777777779,0.15382624584585972,0.045361192516374355,0.057502731680870056,0.12574554918087943
195,0.13811591861066022,0.28444444444444444,0.008317611383671843,0.0005997533563101231,0.001394315855577588,0.3958234680132971
196,0.26166112967819694,0.5088888888888888,0.16491559563666974,0.0467997013395772,0.05839996784925461,0.5293014946765944
197,0.20025260809688258,0.3844444444444445,0.16024297375962424,0.04601437769333899,0.05842415615916252,0.35213708842784275
198,0.18882960109704308,0.33,0.15908164166854596,0.04578994924081628,0.057762157171964645,0.35151425740388836
199,0.2292331037692898,0.36000000000000004,0.15878467290534826,0.04602623856244225,0.05830850079655647,0.5230461065821019
200,0.24459921824269198,0.4122222222222222,0.16080128599575616,0.04627096569689109,0.05823410674929619,0.5454675105492942
201,0.24639728412338804,0.46222222222222226,0.16282624715455843,0.046624185142806876,0.05976073816418648,0.5005530279331661
202,0.13980532877023116,0.1711111111111111,0.1551024383121455,0.04690352265324071,0.05851991847157478,0.2673896533030837
203,0.10228061350837317,0.24444444444444444,0.006738045531601579,0.0008575134488838585,0.00043009608634747565,0.2589329680305885
204,0.051140306754186585,0.12222222222222222,0.0033690227658007897,0.00042875672444192927,0.00021504804317373782,0.12946648401529426
205,0.20832331362467968,0.3922222222222222,0.1605642913774613,0.04621870596525821,0.05793283134698868,0.3846785172114679
206,0.10437436731706104,0.2711111111111111,0.008221416351722246,0.0020262874378523974,0.001177867641672492,0.239335154042947
207,0.20832331362467968,0.3922222222222222,0.1605642913774613,0.04621870596525821,0.05793283134698868,0.3846785172114679
208,0.10228061350837317,0.24444444444444444,0.006738045531601579,0.0008575134488838585,0.00043009608634747565,0.2589329680305885
209,0.12158058161612265,0.14777777777777779,0.15509893446016573,0.045384222375068714,0.057973239570856094,0.20166873389674486
210,0.07732949593714196,0.18333333333333332,0.002518565212094681,0.000520890217421998,0.0008594776154495776,0.19941521330741022
211,0.23300611130362747,0.3466666666666667,0.1579852002137863,0.04635421441395817,0.05819835513830185,0.5558261200854244
212,0.06667818910674496,0.12222222222222222,0.0046417113801068026,0.00045178658313628603,0.0006855566170997918,0.20538966873115966
213,0.12158058161612265,0.14777777777777779,0.15509893446016573,0.045384222375068714,0.057973239570856094,0.20166873389674486
214,0.2125256536411575,0.5555555555555556,0.01541155198378767,0.012247577816245352,0.012661400251090527,0.46675218259910844
215,0.11535517260119951,0.4755555555555555,0.003808923879475697,0.0002798283332154924,0.0006678616628050804,0.09646369357494576
216,0.0,0.0,0.0,0.0,0.0,0.0
217,0.06180121960423872,0.06777777777777777,0.0050547144969238875,0.0025526695555265467,0.0008914599311538041,0.2327294762598116
218,0.1584662557837369,0.36666666666666664,0.00641916827430125,0.00118703236551604,0.0010352659737691283,0.4170231456384314
219,0.12130158849718171,0.3066666666666667,0.0184413156197584,0.0036934272589989143,0.001097401836887002,0.27660913110359747
220,0.0017401181862685504,0.0011111111111111111,1.19744678080798e-05,0.0,3.8554459024453536e-05,0.007538950893399107
221,0.22570099431442814,0.4811111111111111,0.16100349835515584,0.04769906702583527,0.06108660250902176,0.3776046925710168
222,0.12158058161612265,0.14777777777777779,0.15509893446016573,0.045384222375068714,0.057973239570856094,0.20166873389674486
223,0.07330958631624965,0.12222222222222222,0.004687684747175681,0.0004668067897805251,0.0007190747419372201,0.23845214308013254
224,0.0,0.0,0.0,0.0,0.0,0.0
225,0.1884578337817286,0.3244444444444445,0.15776365596823072,0.0466279394282384,0.05955607071518898,0.3538970583525405
226,0.07053665373074473,0.16444444444444445,0.005616294369381601,0.0013252941749952846,0.00034366000909358263,0.18095357565580875
227,0.21208539880070454,0.29555555555555557,0.30765249169171943,0.09072238503274871,0.11500546336174011,0.25149109836175887
228,0.7136361482902155,0.32333333333333336,1.0,1.0,0.6203815340995789,0.6244658740181653
229,0.19412339801151857,0.3111111111111111,0.032265882337994135,0.0023911435431185897,0.01780732348561287,0.6070415295797562
230,0.04113180485497042,0.06666666666666667,0.000899275285708142,1.850081184867669e-05,0.0002459466631989926,0.13782863484742966
231,0.10228061350837317,0.24444444444444444,0.006738045531601579,0.0008575134488838585,0.00043009608634747565,0.2589329680305885
232,0.06667818910674496,0.12222222222222222,0.0046417113801068026,0.00045178658313628603,0.0006855566170997918,0.20538966873115966
233,0.09318701081067574,0.16,0.006845662998421218,0.00047821958220317255,0.0013992167077958584,0.2972119547649584
234,0.06667818910674496,0.12222222222222222,0.0046417113801068026,0.00045178658313628603,0.0006855566170997918,0.20538966873115966
235,0.0,0.0,0.0,0.0,0.0,0.0
236,0.13811504319479648,0.1577777777777778,0.15558653279754195,0.04601738040420782,0.057698268443346024,0.27349525655110885
237,0.06026705470021841,0.008888888888888889,0.034781997872602326,0.02796363397008346,0.13733963668346405,0.09236111608605332
238,0.0,0.0,0.0,0.0,0.0,0.0
239,0.22762328176153296,0.29555555555555557,0.3089251803060254,0.09074541489144307,0.11547597497701645,0.32741428307762427
240,0.007162816306901425,0.014444444444444446,0.000421845409761889,0.0,9.046476043295115e-05,0.02085732691986784
241,0.0,0.0,0.0,0.0,0.0,0.0
242,0.10983153031156836,0.060000000000000005,0.10974312657263847,0.09227108540344879,0.07306017726659775,0.21408326231515676
243,0.16962306003510266,0.38,0.004477115737320868,0.00018127947074779343,0.0004972562892362475,0.46295964867820844
244,0.0,0.0,0.0,0.0,0.0,0.0
245,0.015537882355468751,0.0,0.0012726886143060126,2.3029858694356742e-05,0.00047050858847796917,0.07592318471586541
246,0.0268649259920683,0.043333333333333335,0.0019085927328111477,2.3029858694356742e-05,0.0005727385287173092,0.08848693550678535
247,0.0,0.0,0.0,0.0,0.0,0.0
248,0.0,0.0,0.0,0.0,0.0,0.0
249,0.11101160720175351,0.2,0.010536608653431832,0.04072971111278657,5.9574347687885165e-05,0.30373214189486125
250,0.0,0.0,0.0,0.0,0.0,0.0
251,0.0,0.0,0.0,0.0,0.0,0.0
252,0.10228061350837317,0.24444444444444444,0.006738045531601579,0.0008575134488838585,0.00043009608634747565,0.2589329680305885
253,0.031075764710937502,0.0,0.0025453772286120253,4.6059717388713484e-05,0.0009410171769559383,0.15184636943173083
254,0.0,0.0,0.0,0.0,0.0,0.0
255,0.013262794410278226,0.0,9.194673413775658e-05,3.00404132884783e-05,6.703620601911098e-05,0.06612494869794577
256,0.09677926061928674,0.4222222222222222,0.004943308234016205,0.0003229901131733114,0.0006171023123897612,0.05579068021463217
257,0.12212520599968366,0.23333333333333334,0.0694494245035531,0.029055196605885975,0.019548721611499786,0.25923935394414604
258,0.0,0.0,0.0,0.0,0.0,0.0
259,0.21208539880070454,0.29555555555555557,0.30765249169171943,0.09072238503274871,0.11500546336174011,0.25149109836175887
260,0.17164786153135442,0.4688888888888889,0.00977149187922824,0.0012287890752894983,0.0018740561790764332,0.37647608163428903
261,0.12083961486673962,0.09333333333333334,0.10105111564359155,0.027551419317318984,0.15162327885627747,0.23063892718317672
262,0.10604269940035227,0.14777777777777779,0.15382624584585972,0.045361192516374355,0.057502731680870056,0.12574554918087943
263,0.1370499100519155,0.22444444444444445,0.009150871661324484,0.00546288519598508,0.01405422855168581,0.43213712040613755
264,0.16141963056108205,0.4133333333333334,0.007582941462242183,0.002763738124734831,0.001385801937431097,0.3820323379476686
265,0.05620546337662554,0.005555555555555556,0.005978601828027622,0.005950268520095974,0.06488027423620224,0.19866261674324634
266,0.051140306754186585,0.12222222222222222,0.0033690227658007897,0.00042875672444192927,0.00021504804317373782,0.12946648401529426
267,0.19463841121724396,0.32333333333333336,0.16351671407149201,0.05708282694521474,0.05921454727649689,0.3700446344596828
268,0.0,0.0,0.0,0.0,0.0,0.0
269,0.0,0.0,0.0,0.0,0.0,0.0
270,0.11918818014118268,0.14777777777777779,0.15403836301968282,0.045364488548956985,0.05750755965709686,0.19125271170239896
271,0.20787456209584593,0.35111111111111115,0.15786003959560665,0.04594890708860143,0.05839302018284798,0.42605973250106255
272,0.16338237803766242,0.39111111111111113,0.009608735026568673,0.0015270646222313115,0.005298393778502941,0.4093665856498981
273,0.0,0.0,0.0,0.0,0.0,0.0
274,0.21692259288190047,0.37555555555555553,0.16639724014798335,0.04720706910684251,0.06066158786416054,0.43479151173496056
275,0.10914939535608888,0.1966666666666667,0.006795401548946841,0.0023624205782939766,0.0007304485188797116,0.3391920394676571
276,0.13335637821348992,0.24444444444444444,0.009283422760213605,0.0009035731662725721,0.0013711132341995835,0.4107793374623193
277,0.11312367736235393,0.27444444444444444,0.007263068559683824,0.0011013443059099156,0.0005983761511743069,0.28221115335055724
278,0.16866181702924216,0.2577777777777778,0.012301406998858623,0.0049541690359010595,0.006860565859824419,0.561415165473849
279,0.04577767060546919,0.15777777777777777,0.0018005641943525939,4.961102163794965e-05,2.4659968403284438e-05,0.06923574006517436
280,0.23309900908732922,0.4222222222222222,0.16251132402375887,0.04652033128038661,0.057979222387075424,0.476261945523203
281,0.11781849585802115,0.24444444444444444,0.008010734145907592,0.0008805433075782153,0.0009006046457216144,0.3348561527464539
282,0.2589780339215258,0.39555555555555555,0.1621375473574482,0.04628971504975365,0.05885179340839386,0.6320555582364777
283,0.14741517849382574,0.2088888888888889,0.007919642957909671,0.0015745045441799522,0.0022709371987730265,0.516421918879377
284,0.0557066593825847,0.12222222222222222,0.0043612127319238945,0.0004568294293536671,0.000989933731034398,0.15050309879838933
285,0.17229313042780517,0.29444444444444445,0.157799406071867,0.045809964699289114,0.05787636712193489,0.3055354698014903
286,0.10665678036320606,0.24444444444444444,0.007500116910942977,0.000915061696829165,0.0006191408610902727,0.2798051379027234
287,0.20520524195948447,0.32555555555555554,0.0283866593681432,0.05051079592646148,0.10368426144123077,0.5178889375060315
288,0.2369212116242399,0.3922222222222222,0.16099004152186153,0.046279654776320456,0.05830147862434387,0.5268126609764514
289,0.11781849585802115,0.24444444444444444,0.008010734145907592,0.0008805433075782153,0.0009006046457216144,0.3348561527464539
290,0.1079222019022837,0.21666666666666667,0.004243444042991972,0.00012426270295843483,0.0007985014235600829,0.3177781346752413
291,0.10908606460199854,0.1,0.0008696007061891172,0.0022369175777652,0.0004101271915715188,0.44191367753446686
292,0.0,0.0,0.0,0.0,0.0,0.0
293,0.19665410078163748,0.6555555555555556,0.0158301389372162,0.008718001922503655,0.0005345074459910393,0.30263230004692093
294,0.2519533709219337,0.29555555555555557,0.31177187280352325,0.09264916708759285,0.11500546336174011,0.44478479580125674
295,0.015537882355468751,0.0,0.0012726886143060126,2.3029858694356742e-05,0.00047050858847796917,0.07592318471586541
296,0.0861549226309063,0.13555555555555554,0.014855975309386255,0.009128229661583232,0.0004668023029807955,0.27076805032502566
297,0.0,0.0,0.0,0.0,0.0,0.0
298,0.08389328845809225,0.22444444444444445,0.004584336557716234,0.00013111671300775345,0.000696507457178086,0.18961003711811475
299,0.06372327560581313,0.09555555555555555,0.003417101690469598,0.0007796201271331555,0.0038616121746599674,0.2150024884812474
300,0.19671329380884428,0.4222222222222222,0.15755221559302962,0.04579851080792376,0.057747211307287216,0.30024630911375866
301,0.09707062349001645,0.19888888888888887,0.08456724990474854,0.01351751428006716,0.02463166043162346,0.16374780394475416
302,0.013672771357737113,0.03111111111111111,0.00530220250198506,0.0,0.0026195996906608343,0.02933094348492856
303,0.0,0.0,0.0,0.0,0.0,0.0
304,0.006631397205139113,0.0,4.597336706887829e-05,1.502020664423915e-05,3.351810300955549e-05,0.03306247434897289
305,0.06741138391250479,0.13777777777777778,0.003187635334969364,0.00044123861531810093,0.000735605601221323,0.19491466223323733
306,0.0,0.0,0.0,0.0,0.0,0.0
307,0.0,0.0,0.0,0.0,0.0,0.0
308,0.2248929187712984,0.5444444444444444,0.011379289461405621,0.001330064524197807,0.001296329777687788,0.5660144656487563
309,0.10849926348492811,0.20444444444444446,0.008284569595518106,0.002901818720259198,0.0010885815136134624,0.3257769031508053
310,0.03851840792065094,0.06555555555555556,0.0026712093194893208,3.285404008172048e-05,0.0005464736605063081,0.1237859470276218
311,0.0,0.0,0.0,0.0,0.0,0.0
312,0.12158058161612265,0.14777777777777779,0.15509893446016573,0.045384222375068714,0.057973239570856094,0.20166873389674486
313,0.015537882355468751,0.0,0.0012726886143060126,2.3029858694356742e-05,0.00047050858847796917,0.07592318471586541
314,0.0,0.0,0.0,0.0,0.0,0.0
315,0.007886471015356916,0.0011111111111111111,0.0006303615354140049,2.9613276959342707e-05,3.7917874578852206e-05,0.03762335127872127
316,0.10814136789711196,0.14333333333333334,0.00904421017663976,0.020418552400716335,0.0012276649940758944,0.36668307858079446
317,0.0,0.0,0.0,0.0,0.0,0.0
318,0.06667818910674496,0.12222222222222222,0.0046417113801068026,0.00045178658313628603,0.0006855566170997918,0.20538966873115966
319,0.12330428011261789,0.27999999999999997,0.005364743768679604,0.0005687674043698568,0.0009421278373338282,0.32964576155270614
320,0.23904989305995689,0.39777777777777773,0.16215470850051059,0.04625674173669932,0.05842851102352142,0.5306317262612754
321,0.46563127419415606,0.37333333333333335,0.4514488700719185,0.16473037786375697,1.0,0.3386437897017711
322,0.13380308573153976,0.3022222222222222,0.009047475319243053,0.002908532725217723,0.0007470838609151542,0.35409011453010064
323,0.08581847559642704,0.14666666666666667,0.005004186638700901,0.0004668067897805251,0.0008698736201040447,0.27608484426688307
324,0.12821197923308097,0.14777777777777779,0.1551449078272346,0.045399242581712955,0.058006759732961655,0.23473120824571775
325,0.086937368230464,0.01888888888888889,0.0035313212184316504,0.00034925877615327064,0.002968457993119955,0.4089489142757262
326,0.06385360356469985,0.05444444444444445,0.0038954498534585617,0.004654080089284429,0.001495787757448852,0.2547782556788629
327,0.11561909791413134,0.24555555555555558,0.010639562396628693,0.0008575134488838585,0.0005231357645243406,0.32051972240506427
328,0.13919180424333272,0.20333333333333334,0.15506594073345004,0.04542603321698175,0.058691464364528656,0.23344224956836981
329,0.21015346108968352,0.35111111111111115,0.1586396703094549,0.046739865548134196,0.05825730785727501,0.4360193506224423
330,0.26624068840678433,0.52,0.16366350472360464,0.04623860568349177,0.05948764458298683,0.5418136870438383
331,0.12174943470322845,0.21444444444444447,0.004860563206593222,0.000585894023661586,0.0009462068555876613,0.38791006498585534
332,0.27210917569409465,0.45,0.30929082850360595,0.09077905615062615,0.11542949080467224,0.39504650301156913
333,0.08496065375036306,0.21888888888888888,0.0036720126603991695,0.0004363834839479218,0.0003345406730659306,0.2014714430455134
334,0.15048042254387664,0.35333333333333333,0.014417511324465294,0.010470031262676911,0.0018584799254313111,0.3723227568734764
335,0.30583563666683355,0.5388888888888889,0.16586060243334363,0.04862834708085827,0.05861469358205795,0.717185651349019
336,0.1980611610891889,0.1711111111111111,0.118316716019375,0.10659639052072693,0.22371961176395416,0.37056197603077734
337,0.11528659224044657,0.28888888888888886,0.003026305119184444,0.0005026192319605197,0.0012048686621710658,0.28281027930002794
338,0.12515422794589953,0.2233333333333333,0.005784595970362413,0.0006059388390044641,0.0011007478460669518,0.3949465237407306
339,0.08159950191699519,0.22555555555555556,0.001638044738650595,0.0003207052491807408,0.001017746515572071,0.17946545752601695
340,0.16037524179272664,0.30333333333333334,0.004013444380237393,0.0006002522003928095,0.0013594719348475337,0.4925697071148221
341,0.4194081564721042,0.32555555555555554,0.3315088882576719,0.15621607060118536,0.6894406080245972,0.5943196599215113
342,0.08524026628877258,0.09666666666666666,0.004993980348736279,0.00036026785586085007,0.002746493788436055,0.32143392278416305
343,0.03884119109490507,0.015555555555555555,0.001488573485781336,2.3029858694356742e-05,0.0007386940415017307,0.1764001025329924
344,0.054379073462015357,0.015555555555555555,0.0027612621000873486,4.6059717388713484e-05,0.0012092026881873608,0.25232328724885783
345,0.1356621971957718,0.24555555555555558,0.007025588135017105,0.0014409143286379848,0.000798878085333854,0.42349004987431454
346,0.11781849585802115,0.24444444444444444,0.008010734145907592,0.0008805433075782153,0.0009006046457216144,0.3348561527464539
347,0.12775036767077302,0.25333333333333335,0.007830259302970858,0.0005896047910266078,0.001023523393087089,0.37597511753344715
348,0.10228061350837317,0.24444444444444444,0.006738045531601579,0.0008575134488838585,0.00043009608634747565,0.2589329680305885
349,0.07507441792015974,0.08,0.012574264181176624,4.6599122185885215e-05,0.11922621726989746,0.1635250090275387
350,0.10349693129957109,0.15555555555555556,0.012681225720405665,0.00012741115439110365,0.11932205408811569,0.22979840997938744
351,0.05307509117585023,0.04,0.007559820704894324,4.632941978729935e-05,0.06008361652493477,0.15768568922963477
352,0.11723689135076013,0.19222222222222224,0.010930593362743312,0.0014431237102091002,0.059892844408750534,0.32169567304987534
353,0.0,0.0,0.0,0.0,0.0,0.0
354,0.08133638573146264,0.1788888888888889,0.0038120927660032873,0.0002857367232635442,0.0003277402720414102,0.22336747000711604
355,0.015290097595239726,0.04,0.0006541876251741773,0.00012168831145524299,0.0003021544252987951,0.03537245761427042
