,feature,Light Gradient Boosting Machine,Bayesian Ridge,Ridge Regression,mean_imp
0,1,0.0,0.0,0.0,0.0
1,2,0.0,0.0,0.0,0.0
2,3,0.0,0.0,0.0,0.0
3,4,0.0,0.0,0.0,0.0
4,5,0.0,0.0,0.0,0.0
5,6,0.0,0.0,0.0,0.0
6,7,0.0,0.0,0.0,0.0
7,8,0.0,0.0,0.0,0.0
8,9,0.0,0.0,0.0,0.0
9,10,0.0,0.0,0.0,0.0
10,11,0.0,0.0,0.0,0.0
11,12,0.0,0.0,0.0,0.0
12,13,0.0,0.0,0.0,0.0
13,14,0.0,0.0,0.0,0.0
14,15,0.0,0.0,0.0,0.0
15,16,0.0,0.0,0.0,0.0
16,17,0.0,0.0,0.0,0.0
17,18,0.0,0.0,0.0,0.0
18,19,0.0,0.0,0.0,0.0
19,20,0.0,0.0,0.0,0.0
20,21,0.0,0.0,0.0,0.0
21,22,0.0,0.0,0.0,0.0
22,23,0.0,0.0,0.0,0.0
23,24,0.0,0.0,0.0,0.0
24,25,0.0,0.0,0.0,0.0
25,26,0.0,0.0,0.0,0.0
26,27,0.0,0.0,0.0,0.0
27,28,0.0,0.0,0.0,0.0
28,29,0.0,0.0,0.0,0.0
29,30,0.0,0.0,0.0,0.0
30,31,0.0,0.0,0.0,0.0
31,32,0.0,0.0,0.0,0.0
32,33,0.0,0.0,0.0,0.0
33,34,0.0,0.0,0.0,0.0
34,35,0.0,0.0,0.0,0.0
35,36,0.0,0.0,0.0,0.0
36,37,0.0,0.0,0.0,0.0
37,38,0.0,0.0,0.0,0.0
38,39,0.5517241379310345,0.48693079995407634,0.13340535671346132,0.39068676486619075
39,40,0.2413793103448276,0.2917467838854391,0.48915394984921345,0.34076001469316003
40,41,0.0,0.0,0.0,0.0
41,42,0.0,0.0,0.0,0.0
42,43,0.4827586206896552,0.2570260400526511,0.029519106607635112,0.2564345891166471
43,44,0.0,0.0,0.0,0.0
44,45,0.0,0.0,0.0,0.0
45,46,0.0,0.0,0.0,0.0
46,47,0.0,0.0,0.0,0.0
47,48,0.0,0.0,0.0,0.0
48,49,0.0,0.0,0.0,0.0
49,50,0.0,0.0,0.0,0.0
50,51,0.0,0.0,0.0,0.0
51,52,0.0,0.0,0.0,0.0
52,53,0.0,0.0,0.0,0.0
53,54,0.0,0.0,0.0,0.0
54,55,0.0,0.0,0.0,0.0
55,56,0.0,0.0,0.0,0.0
56,57,0.0,0.0,0.0,0.0
57,58,0.0,0.0,0.0,0.0
58,59,0.0,0.0,0.0,0.0
59,60,0.0,0.0,0.0,0.0
60,61,0.0,0.0,0.0,0.0
61,62,0.2413793103448276,0.1563647988292293,0.03572007138695197,0.14448806018700297
62,63,0.4942528735632184,0.9054004973602522,0.6122495413934274,0.6706343041056327
63,64,0.0,0.0,0.0,0.0
64,65,0.40229885057471265,0.570668107202688,0.4779692106688454,0.483645389482082
65,66,0.4827586206896552,0.2570260400526511,0.029519106607635112,0.2564345891166471
66,67,0.0,0.0,0.0,0.0
67,68,0.0,0.0,0.0,0.0
68,69,0.0,0.0,0.0,0.0
69,70,0.0,0.0,0.0,0.0
70,71,0.0,0.0,0.0,0.0
71,72,0.0,0.0,0.0,0.0
72,73,0.0,0.0,0.0,0.0
73,74,0.0,0.0,0.0,0.0
74,75,0.0,0.0,0.0,0.0
75,76,0.0,0.0,0.0,0.0
76,77,0.0,0.0,0.0,0.0
77,78,0.0,0.0,0.0,0.0
78,79,0.4827586206896552,0.2570260400526511,0.029519106607635112,0.2564345891166471
79,80,0.0,0.0,0.0,0.0
80,81,0.2413793103448276,0.2259801564148194,0.16942705971735952,0.2122621754923355
81,82,0.2413793103448276,0.2606592014982152,0.2763263089226132,0.25945494025521865
82,83,0.4827586206896552,0.2570260400526511,0.029519106607635112,0.2564345891166471
83,84,0.0,0.0,0.0,0.0
84,85,0.0,0.0,0.0,0.0
85,86,0.06896551724137931,0.05910714745442963,0.057931072827716944,0.0620012458411753
86,87,0.0,0.0,0.0,0.0
87,88,0.2413793103448276,0.12851302002632556,0.014759553303817556,0.12821729455832356
88,89,0.4827586206896552,0.2672891007171582,0.04812118314454188,0.2660563015171184
89,90,0.0,0.09746713638849384,0.154667506413542,0.08404488093401195
90,91,0.367816091954023,0.4898713524679845,0.3806209585448928,0.41276946765563344
91,92,0.5862068965517241,0.4029163067030206,0.4206838000856053,0.4699356677801167
92,93,0.04597701149425287,0.11889620729106502,0.020084308335316308,0.061652509040211405
93,94,0.022988505747126436,0.11904035912563693,0.22452041006536586,0.12218309164604307
94,95,0.0,0.0,0.0,0.0
95,96,0.0,0.0,0.0,0.0
96,97,0.0,0.0,0.0,0.0
97,98,0.22988505747126436,0.28616433080908077,0.13563214230088502,0.21722717686041007
98,99,0.3448275862068966,0.6511057653342908,0.6695528047634581,0.5551620521015485
99,100,0.2988505747126437,0.30787796153165076,0.16975881656769298,0.2588291176039958
100,101,0.2413793103448276,0.1563647988292293,0.03572007138695197,0.14448806018700297
101,102,0.11494252873563218,0.25109902113883065,0.0940395501633136,0.1533603666792588
102,103,0.22988505747126436,0.3922035402340937,0.4019694340662092,0.3413526772571891
103,104,0.2413793103448276,0.12851302002632556,0.014759553303817556,0.12821729455832356
104,105,0.0,0.0,0.0,0.0
105,106,0.4827586206896552,0.2570260400526511,0.029519106607635112,0.2564345891166471
106,107,0.3218390804597701,0.2088922969879614,0.20721489306067592,0.24598209016946915
107,108,0.4827586206896552,0.2570260400526511,0.029519106607635112,0.2564345891166471
108,109,0.4827586206896552,0.2570260400526511,0.029519106607635112,0.2564345891166471
109,110,0.9425287356321839,0.8599150178753437,0.5047778148087744,0.7690738561054341
110,111,0.3563218390804598,0.3640237784531935,0.24047768032888325,0.32027443262084554
111,112,0.0,0.0,0.0,0.0
112,113,0.5172413793103449,0.3585104895294203,0.2733527334983971,0.38303486744605414
113,114,0.09195402298850575,0.11627843907349375,0.26829659130470784,0.15884301778890245
114,115,0.4827586206896552,0.3911189351588828,0.1684509615252676,0.34744283912460183
115,116,0.0,0.0,0.0,0.0
116,117,0.3103448275862069,0.5235640714925346,0.15791310674437195,0.3306073352743712
117,118,0.2413793103448276,0.12851302002632556,0.014759553303817556,0.12821729455832356
118,119,0.0,0.0,0.0,0.0
119,120,0.0,0.0,0.0,0.0
120,121,0.2413793103448276,0.12851302002632556,0.014759553303817556,0.12821729455832356
121,122,0.0,0.0,0.0,0.0
122,123,0.6666666666666666,0.5002960803840423,0.26814708087946043,0.4783699426433898
123,124,0.16091954022988506,0.023885594128193154,0.010895475095718149,0.06523353648459879
124,125,0.0,0.0,0.0,0.0
125,126,0.22988505747126436,0.4366355414173773,0.5944905039770422,0.4203370342885613
126,127,0.5402298850574713,0.39486278054434837,0.7313648442404985,0.5554858366141061
127,128,0.4827586206896552,0.2672891007171582,0.04812118314454188,0.2660563015171184
128,129,0.0,0.0,0.0,0.0
129,130,0.0,0.0,0.0,0.0
130,131,0.0,0.0,0.0,0.0
131,132,0.0,0.0,0.0,0.0
132,133,0.0,0.01026306066450712,0.018602076536906768,0.009621712400471296
133,134,0.4827586206896552,0.2570260400526511,0.029519106607635112,0.2564345891166471
134,135,0.0,0.0,0.0,0.0
135,136,0.0,0.0,0.0,0.0
136,137,0.0,0.0,0.0,0.0
137,138,0.011494252873563218,0.16303024094353408,0.07914944464932369,0.08455797948880699
138,139,0.0,0.0,0.0,0.0
139,140,0.0,0.0,0.0,0.0
140,141,0.2413793103448276,0.12851302002632556,0.014759553303817556,0.12821729455832356
141,142,0.0,0.0,0.0,0.0
142,143,0.2988505747126437,0.2692513715900226,0.29191777855838114,0.2866732416203492
143,144,0.2413793103448276,0.12851302002632556,0.014759553303817556,0.12821729455832356
144,145,0.4942528735632184,0.28464750543980094,0.07096448771418082,0.2832882889057334
145,146,0.3103448275862069,0.13816653587224986,0.03196263918057034,0.16015800087967572
146,147,0.5517241379310345,0.18857314904610634,0.05461437740083492,0.2649705547926586
147,148,0.47126436781609193,0.21286329009311772,0.2722755705080408,0.31880107613908354
148,149,0.4827586206896552,0.2912119148707109,0.11976043770953493,0.29791032442330034
149,150,0.4827586206896552,0.2570260400526511,0.029519106607635112,0.2564345891166471
150,151,0.4827586206896552,0.2570260400526511,0.029519106607635112,0.2564345891166471
151,152,0.3448275862068966,0.4034346504952394,0.38711034817540335,0.3784575282925131
152,153,0.4827586206896552,0.2570260400526511,0.029519106607635112,0.2564345891166471
153,154,0.4827586206896552,0.2570260400526511,0.029519106607635112,0.2564345891166471
154,155,0.6206896551724138,0.27202913107285953,0.06597704645810107,0.31956527756779146
155,156,0.26436781609195403,0.3294355852427668,0.17474887167291686,0.2561840910025459
156,157,0.5747126436781609,0.9023205063360621,0.661691422986265,0.7129081910001626
157,158,0.4827586206896552,0.2570260400526511,0.029519106607635112,0.2564345891166471
158,159,0.367816091954023,0.30675510037666903,0.1905167920509861,0.2883626614605594
159,160,0.3793103448275862,0.2707872714846753,0.18115909365187094,0.2770855699880441
160,161,0.0,0.0,0.0,0.0
161,162,0.0,0.0,0.0,0.0
162,163,0.3333333333333333,0.2744027611607481,0.23069703287585575,0.2794777091233124
163,164,0.12643678160919541,0.07511782365110627,0.1803957060004062,0.12731677042023595
164,165,0.39080459770114945,0.6372958552663381,0.6930844122242529,0.5737282883972469
165,166,0.5402298850574713,0.6898454044881613,0.5542469524133546,0.5947740806529958
166,167,0.0,0.0,0.0,0.0
167,168,0.0,0.0,0.0,0.0
168,169,0.0,0.0,0.0,0.0
169,170,0.5172413793103449,0.3909446053507022,0.4164771552436715,0.44155437996823954
170,171,0.12643678160919541,0.03884282478382247,0.04233189971955786,0.06920383537085859
171,172,0.0,0.0,0.0,0.0
172,173,0.14942528735632185,0.36887676843072603,0.4122528260763479,0.31018496062113193
173,174,0.5402298850574713,0.46360089009352523,0.3192074515952933,0.44101274224876325
174,175,0.4827586206896552,0.3289368275358968,0.054682577605078976,0.288792675276877
175,176,0.0,0.0,0.0,0.0
176,177,0.0,0.01026306066450712,0.018602076536906768,0.009621712400471296
177,178,0.2988505747126437,0.1324837109977617,0.060886659590468274,0.16407364843362457
178,179,0.4367816091954023,0.314904904272087,0.39326935141289227,0.38165195496012716
179,180,0.0,0.0,0.0,0.0
180,181,0.2413793103448276,0.12851302002632556,0.014759553303817556,0.12821729455832356
181,182,0.0,0.0,0.0,0.0
182,183,1.0,0.8389125715575904,0.5017084132047649,0.780206994920785
183,184,0.2413793103448276,0.12851302002632556,0.014759553303817556,0.12821729455832356
184,185,0.4827586206896552,0.2570260400526511,0.029519106607635112,0.2564345891166471
185,186,0.45977011494252873,0.4547208975009778,0.20697331028310934,0.373821440908872
186,187,0.2988505747126437,0.2133810280842789,0.046385111647752324,0.18620557148155828
187,188,0.0,0.0,0.0,0.0
188,189,0.5862068965517241,0.44221411230732105,0.48496364312564433,0.5044615506615632
189,190,0.4827586206896552,0.2570260400526511,0.029519106607635112,0.2564345891166471
190,191,0.2988505747126437,0.2579642737545725,0.03236081126886249,0.1963918865786929
191,192,0.2413793103448276,0.12851302002632556,0.014759553303817556,0.12821729455832356
192,193,0.0,0.0,0.0,0.0
193,194,0.0,0.0,0.0,0.0
194,195,0.0,0.0,0.0,0.0
195,196,0.25287356321839083,0.2368711561644463,0.10767284186724824,0.19913918708336178
196,197,0.2413793103448276,0.12851302002632556,0.014759553303817556,0.12821729455832356
197,198,0.0,0.0,0.0,0.0
198,199,0.0,0.0,0.0,0.0
199,200,0.3103448275862069,0.2688436324189082,0.03988984801992702,0.20635943600834739
200,201,0.0,0.0,0.0,0.0
201,202,0.0,0.0,0.0,0.0
202,203,0.08045977011494253,0.23121945345121464,0.21903559307826156,0.17690493888147293
203,204,0.1724137931034483,0.09841553611934008,0.06483066064090522,0.11188666328789786
204,205,0.0,0.0,0.0,0.0
205,206,0.2413793103448276,0.12851302002632556,0.014759553303817556,0.12821729455832356
206,207,0.0,0.0,0.0,0.0
207,208,0.0,0.0,0.0,0.0
208,209,0.0,0.0,0.0,0.0
209,210,0.06896551724137931,0.1321109205846627,0.11041804952283732,0.10383149578295976
210,211,0.4827586206896552,0.2570260400526511,0.029519106607635112,0.2564345891166471
211,212,0.13793103448275862,0.30340016656149554,0.2550597790496491,0.23213032669796774
212,213,0.022988505747126436,0.04279498789133605,0.09093156567730579,0.0522383531052561
213,214,0.12643678160919541,0.35499971700627087,0.40324637008834735,0.2948942895679379
214,215,0.0,0.0,0.0,0.0
215,216,0.0,0.0,0.0,0.0
216,217,0.0,0.0,0.0,0.0
217,218,0.45977011494252873,0.47160330780327087,0.25267053183095234,0.3946813181922506
218,219,0.0,0.0,0.0,0.0
219,220,0.0,0.0,0.0,0.0
220,221,0.4827586206896552,0.2672891007171582,0.04812118314454188,0.2660563015171184
221,222,0.4942528735632184,0.2875452564945033,0.09217954869314764,0.29132589291695643
222,223,0.0,0.0,0.0,0.0
223,224,0.0,0.0,0.0,0.0
224,225,0.5172413793103449,0.5333988934854818,0.40140426155490994,0.4840148447835788
225,226,0.27586206896551724,0.19117142741035767,0.2659162981772168,0.24431659818436388
226,227,0.4827586206896552,0.2570260400526511,0.029519106607635112,0.2564345891166471
227,228,0.11494252873563218,0.5273845248110159,0.26687697029068935,0.30306800794577915
228,229,0.13793103448275862,0.20862479318984034,0.1636404164212275,0.17006541469794215
229,230,0.2413793103448276,0.3973548065935456,0.21249032725397715,0.28374148139745015
230,231,0.0,0.0,0.0,0.0
231,232,0.0,0.0,0.0,0.0
232,233,0.42528735632183906,0.7296292284085164,0.5570636682801151,0.5706600843368236
233,234,0.4827586206896552,0.3114600450460632,0.0531454458430546,0.282454703859591
234,235,0.8620689655172413,0.30677331400993724,0.11932907387910535,0.4293904511354279
235,236,0.39080459770114945,0.38164287652821605,0.5239044272740995,0.43211730050115493
236,237,0.3448275862068966,0.3357154763880878,0.46595148664016917,0.38216484974505116
237,238,0.4827586206896552,0.2570260400526511,0.029519106607635112,0.2564345891166471
238,239,0.11494252873563218,0.015348884835875548,0.07847049857321044,0.06958730404823939
239,240,0.3793103448275862,0.5621089567662304,0.3321691909887009,0.42452949752750585
240,241,0.0,0.0,0.0,0.0
241,242,0.0,0.0,0.0,0.0
242,243,0.4827586206896552,0.2570260400526511,0.029519106607635112,0.2564345891166471
243,244,0.27586206896551724,0.14535727598915338,0.19158820145677702,0.2042691821371492
244,245,0.0,0.0,0.0,0.0
245,246,0.0,0.0,0.0,0.0
246,247,0.0,0.0,0.0,0.0
247,248,0.0,0.0,0.0,0.0
248,249,0.0,0.0,0.0,0.0
249,250,0.05747126436781609,0.14073835156369705,0.2771582252545636,0.15845594706202557
250,251,0.0,0.0,0.0,0.0
251,252,0.0,0.0,0.0,0.0
252,253,0.0,0.0,0.0,0.0
253,254,0.0,0.0,0.0,0.0
254,255,0.4827586206896552,0.2570260400526511,0.029519106607635112,0.2564345891166471
255,256,0.0,0.0,0.0,0.0
256,257,0.0,0.0,0.0,0.0
257,258,0.0,0.0,0.0,0.0
258,259,0.0,0.0,0.0,0.0
259,260,0.0,0.0,0.0,0.0
260,261,0.2988505747126437,0.17854407824310356,0.1039094155282938,0.19376802282801367
261,262,0.0,0.0,0.0,0.0
262,263,0.4827586206896552,0.2570260400526511,0.029519106607635112,0.2564345891166471
263,264,0.0,0.0,0.0,0.0
264,265,0.0,0.0,0.0,0.0
265,266,0.0,0.0,0.0,0.0
266,267,0.0,0.0,0.0,0.0
267,268,0.3103448275862069,0.18288692974167287,0.1455315292025768,0.21292109551015218
268,269,0.25287356321839083,0.25016133660332346,0.17634021714267314,0.22645837232146246
269,270,0.26436781609195403,0.23703918886652978,0.16112733954333935,0.2208447815006077
270,271,0.5402298850574713,0.42561617041925187,0.3276378499453331,0.4311613018073521
271,272,0.4827586206896552,0.2570260400526511,0.029519106607635112,0.2564345891166471
272,273,0.0,0.0,0.0,0.0
273,274,0.2413793103448276,0.12851302002632556,0.014759553303817556,0.12821729455832356
274,275,0.2413793103448276,0.12851302002632556,0.014759553303817556,0.12821729455832356
275,276,0.4827586206896552,0.2570260400526511,0.029519106607635112,0.2564345891166471
276,277,0.40229885057471265,0.4783627075461856,0.5636096883632584,0.4814237488280522
277,278,0.4827586206896552,0.2570260400526511,0.029519106607635112,0.2564345891166471
278,279,0.4827586206896552,0.2570260400526511,0.029519106607635112,0.2564345891166471
279,280,0.0,0.0,0.0,0.0
280,281,0.14942528735632185,0.1424656586067129,0.126492639814267,0.13946119525910058
281,282,0.28735632183908044,0.2311018098876968,0.1848155692572767,0.23442456699468464
282,283,0.2413793103448276,0.12851302002632556,0.014759553303817556,0.12821729455832356
283,284,0.0,0.0,0.0,0.0
284,285,0.42528735632183906,1.0,0.730888665238026,0.7187253405199551
285,286,0.2988505747126437,0.08466917721137031,0.08875938522944084,0.15742637905115162
286,287,0.0,0.0,0.0,0.0
287,288,0.034482758620689655,0.034206228114689034,0.1148337534280664,0.06117424672114836
288,289,0.3793103448275862,0.39091366377029796,0.4004893700574187,0.3902377928851009
289,290,0.5172413793103449,0.29980594644116904,0.03579785917141381,0.28428172830764253
290,291,0.04597701149425287,0.0492751643899968,0.037702954888451136,0.0443183769242336
291,292,0.41379310344827586,0.2630876027553742,0.17854731932200266,0.2851426751752176
292,293,0.0,0.0,0.0,0.0
293,294,0.2413793103448276,0.13877608069083266,0.03336162984072432,0.13783900695879486
294,295,0.0,0.0,0.0,0.0
295,296,0.4827586206896552,0.2570260400526511,0.029519106607635112,0.2564345891166471
296,297,0.06896551724137931,0.35691295629281855,0.523905835436774,0.3165947696569906
297,298,0.0,0.0,0.0,0.0
298,299,0.3103448275862069,0.4940487815167961,0.5466074987811957,0.45033370262806627
299,300,0.39080459770114945,0.7956327900863694,1.0,0.7288124625958398
300,301,0.1724137931034483,0.10389310693117809,0.23435827338828025,0.1702217244743022
301,302,0.4827586206896552,0.2570260400526511,0.029519106607635112,0.2564345891166471
302,303,0.4827586206896552,0.2570260400526511,0.029519106607635112,0.2564345891166471
303,304,0.2413793103448276,0.12851302002632556,0.014759553303817556,0.12821729455832356
304,305,0.2413793103448276,0.12851302002632556,0.014759553303817556,0.12821729455832356
305,306,0.0,0.0,0.0,0.0
306,307,0.0,0.0,0.0,0.0
307,308,0.04597701149425287,0.1086331466265579,0.0014822317984095397,0.052030796639740105
308,309,0.0,0.0,0.0,0.0
309,310,0.0,0.0,0.0,0.0
310,311,0.0,0.01026306066450712,0.018602076536906768,0.009621712400471296
311,312,0.0,0.0,0.0,0.0
312,313,0.0,0.0,0.0,0.0
313,314,0.0,0.0,0.0,0.0
314,315,0.0,0.0,0.0,0.0
315,316,0.0,0.0,0.0,0.0
316,317,0.0,0.0,0.0,0.0
317,318,0.0,0.0,0.0,0.0
318,319,0.0,0.0,0.0,0.0
319,320,0.0,0.0,0.0,0.0
320,321,0.0,0.0,0.0,0.0
321,322,0.0,0.0,0.0,0.0
322,323,0.0,0.0,0.0,0.0
323,324,0.0,0.0,0.0,0.0
324,325,0.0,0.0,0.0,0.0
325,326,0.0,0.0,0.0,0.0
326,327,0.0,0.14255003754842366,0.08720004677758503,0.0765833614420029
327,328,0.20689655172413793,0.49241107821943547,0.3279511041786253,0.3424195780407329
328,329,0.0,0.0,0.0,0.0
329,330,0.0,0.0,0.0,0.0
330,331,0.0,0.14255003754842366,0.08720004677758503,0.0765833614420029
331,332,0.0,0.0,0.0,0.0
332,333,0.0,0.0,0.0,0.0
333,334,0.16091954022988506,0.2949702769532579,0.18084738726984045,0.2122457348176611
334,335,0.0,0.0,0.0,0.0
335,336,0.0,0.0,0.0,0.0
336,337,0.4827586206896552,0.2570260400526511,0.029519106607635112,0.2564345891166471
337,338,0.0,0.0,0.0,0.0
338,339,0.0,0.0,0.0,0.0
339,340,0.0,0.01026306066450712,0.018602076536906768,0.009621712400471296
340,341,0.41379310344827586,0.050453208169800486,0.0686130733772853,0.1776197949984539
341,342,0.0,0.0,0.0,0.0
342,343,0.0,0.0,0.0,0.0
343,344,0.39080459770114945,0.44640038230410284,0.31756023546324597,0.38492173848949945
344,345,0.0,0.0,0.0,0.0
345,346,0.0,0.0,0.0,0.0
346,347,0.6666666666666666,0.5318428346044652,0.293791482639932,0.4974336613036879
347,348,0.06896551724137931,0.23486209347383832,0.24728101824236493,0.1837028763191942
348,349,0.13793103448275862,0.31996839313236713,0.32524740664062063,0.2610489447519155
349,350,0.2413793103448276,0.12851302002632556,0.014759553303817556,0.12821729455832356
350,351,0.367816091954023,0.2664295170944342,0.17038688307833436,0.26821083070893054
351,352,0.0,0.01026306066450712,0.018602076536906768,0.009621712400471296
352,353,0.2413793103448276,0.12851302002632556,0.014759553303817556,0.12821729455832356
353,354,0.25287356321839083,0.2352428398735185,0.35389599364678753,0.2806707989128989
354,355,0.0,0.0,0.0,0.0
355,356,0.0,0.0,0.0,0.0
356,357,0.0,0.0,0.0,0.0
357,358,0.1724137931034483,0.09261710697835657,0.1524413531014471,0.13915741772775067
358,359,0.6091954022988506,0.5108912265018736,0.182907620309892,0.4343314163702054
359,360,0.09195402298850575,0.11627843907349375,0.26829659130470784,0.15884301778890245
360,361,0.40229885057471265,0.5103116814866043,0.3331926976570977,0.4152677432394715
361,362,0.13793103448275862,0.27014870655989964,0.26020722898047227,0.2227623233410435
362,363,0.4827586206896552,0.2570260400526511,0.029519106607635112,0.2564345891166471
363,364,0.4827586206896552,0.2570260400526511,0.029519106607635112,0.2564345891166471
364,365,0.4827586206896552,0.3776884386843351,0.29914316877638614,0.3865300760501255
365,366,0.0,0.0,0.0,0.0
366,367,0.5632183908045977,0.3174306473419866,0.30647844045559824,0.3957091595340609
367,368,0.4827586206896552,0.2570260400526511,0.029519106607635112,0.2564345891166471
368,369,0.4827586206896552,0.2570260400526511,0.029519106607635112,0.2564345891166471
369,370,0.28735632183908044,0.4654641663622628,0.3582109672915035,0.37034381849761555
370,371,0.2413793103448276,0.12851302002632556,0.014759553303817556,0.12821729455832356
371,372,0.25287356321839083,0.26333081591601387,0.306938343763645,0.27438090763268325
372,373,0.4827586206896552,0.2570260400526511,0.029519106607635112,0.2564345891166471
373,374,0.367816091954023,0.5818906135314008,0.39037666906171126,0.44669445818237835
374,375,0.4827586206896552,0.2672891007171582,0.04812118314454188,0.2660563015171184
375,376,0.4827586206896552,0.2570260400526511,0.029519106607635112,0.2564345891166471
376,377,0.16091954022988506,0.38289162369098145,0.4749745669279832,0.33959524361628324
377,378,0.14942528735632185,0.26513945221185764,0.28826600354170306,0.23427691436996087
378,379,0.0,0.0,0.0,0.0
379,380,0.0,0.0,0.0,0.0
380,381,0.0,0.0,0.0,0.0
381,382,0.0,0.0,0.0,0.0
382,383,0.2413793103448276,0.12851302002632556,0.014759553303817556,0.12821729455832356
383,384,0.0,0.0,0.0,0.0
384,385,0.10344827586206896,0.15786327121113336,0.11884307064482018,0.1267182059060075
385,386,0.05747126436781609,0.33691987551949176,0.28269205977477807,0.22569439988736195
386,387,0.2988505747126437,0.14980877834842857,0.04735581203229277,0.16533838836445502
387,388,0.2413793103448276,0.32496533196559724,0.23197869187863582,0.2661077780630202
388,389,0.0,0.002443885375640197,0.07725782981640918,0.02656723839734979
389,390,0.0,0.0,0.0,0.0
390,391,0.0,0.01026306066450712,0.018602076536906768,0.009621712400471296
391,392,0.034482758620689655,0.15338349527151185,0.21733759348325238,0.1350679491251513
392,393,0.0,0.0,0.0,0.0
393,394,0.0,0.0,0.0,0.0
394,395,0.6436781609195402,0.6903786176206463,0.3068793013494677,0.5469786932965514
395,396,0.28735632183908044,0.22824409059027084,0.14382733993692362,0.21980925078875832
396,397,0.10344827586206896,0.07598624874489389,0.054462296755488845,0.07796560712081724
397,398,0.0,0.0,0.0,0.0
398,399,0.0,0.0,0.0,0.0
399,400,0.0,0.0,0.0,0.0
400,401,0.0,0.0,0.0,0.0
401,402,0.0,0.0,0.0,0.0
402,403,0.0,0.0,0.0,0.0
403,404,0.0,0.0,0.0,0.0
404,405,0.08045977011494253,0.41657665407779165,0.3437209950631903,0.28025247308530815
405,406,0.0,0.0,0.0,0.0
406,407,0.2413793103448276,0.12851302002632556,0.014759553303817556,0.12821729455832356
407,408,0.3563218390804598,0.2723272360958305,0.06155013036780491,0.23006640184803173
408,409,0.5172413793103449,0.31330206385201803,0.11704817641644587,0.31586387319293624
409,410,0.21839080459770116,0.21804988928669633,0.1776724521779297,0.20470438202077576
410,411,0.26436781609195403,0.30099032966443656,0.15743885762680582,0.24093233446106543
411,412,0.0,0.0,0.0,0.0
412,413,0.0,0.0,0.0,0.0
413,414,0.05747126436781609,0.14073835156369705,0.2771582252545636,0.15845594706202557
414,415,0.0,0.0,0.0,0.0
415,416,0.0,0.0,0.0,0.0
416,417,0.0,0.0,0.0,0.0
417,418,0.0,0.0,0.0,0.0
418,419,0.2413793103448276,0.5134569223814216,0.3280842891511833,0.3609735072924775
419,420,0.2988505747126437,0.14582314026059487,0.08010958307327617,0.17492776601550494
420,421,0.08045977011494253,0.05290588221663968,0.05336811715849315,0.06224458983002512
421,422,0.39080459770114945,0.3868745747765601,0.26697070196136913,0.34821662481302623
422,423,0.0,0.0,0.0,0.0
423,424,0.0,0.0,0.0,0.0
424,425,0.0,0.0,0.0,0.0
425,426,0.0,0.0,0.0,0.0
426,427,0.0,0.0,0.0,0.0
427,428,0.0,0.0,0.0,0.0
428,429,0.0,0.0,0.0,0.0
429,430,0.0,0.0,0.0,0.0
430,431,0.0,0.0,0.0,0.0
431,432,0.0,0.0,0.0,0.0
432,433,0.0,0.0,0.0,0.0
433,434,0.0,0.0,0.0,0.0
434,435,0.0,0.0,0.0,0.0
435,436,0.0,0.0,0.0,0.0
436,437,0.0,0.0,0.0,0.0
437,438,0.0,0.0,0.0,0.0
438,439,0.0,0.0,0.0,0.0
439,440,0.0,0.0,0.0,0.0
440,441,0.0,0.0,0.0,0.0
441,442,0.0,0.0,0.0,0.0
442,443,0.0,0.0,0.0,0.0
443,444,0.0,0.0,0.0,0.0
444,445,0.0,0.0,0.0,0.0
445,446,0.0,0.0,0.0,0.0
446,447,0.0,0.0,0.0,0.0
447,448,0.0,0.0,0.0,0.0
448,449,0.0,0.0,0.0,0.0
449,450,0.0,0.0,0.0,0.0
450,451,0.0,0.0,0.0,0.0
451,452,0.0,0.0,0.0,0.0
452,453,0.0,0.0,0.0,0.0
453,454,0.0,0.0,0.0,0.0
454,455,0.0,0.0,0.0,0.0
455,456,0.0,0.0,0.0,0.0
456,457,0.0,0.0,0.0,0.0
457,458,0.0,0.0,0.0,0.0
458,459,0.0,0.0,0.0,0.0
459,460,0.0,0.0,0.0,0.0
460,461,0.0,0.0,0.0,0.0
461,462,0.0,0.0,0.0,0.0
462,463,0.0,0.0,0.0,0.0
463,464,0.0,0.0,0.0,0.0
464,465,0.0,0.0,0.0,0.0
465,466,0.0,0.0,0.0,0.0
466,467,0.0,0.0,0.0,0.0
467,468,0.0,0.0,0.0,0.0
468,469,0.0,0.0,0.0,0.0
469,470,0.0,0.0,0.0,0.0
470,471,0.0,0.0,0.0,0.0
471,472,0.0,0.0,0.0,0.0
472,473,0.0,0.0,0.0,0.0
473,474,0.0,0.0,0.0,0.0
474,475,0.0,0.0,0.0,0.0
475,476,0.0,0.0,0.0,0.0
476,477,0.0,0.0,0.0,0.0
477,478,0.0,0.0,0.0,0.0
478,479,0.0,0.0,0.0,0.0
