,Prediction
NM_001014890_S298A,497.73782927163387
NM_001014890_M44I,498.33152880757353
NM_001014890_V162I,500.69042019479224
NM_001014890_P215C,498.33152880757353
NM_001014890_M257E,498.33152880757353
NM_001014890_R314F,499.7143417970949
"NM_001014890_S298A,M44I",497.73782927163387
"NM_001014890_S298A,V162I",500.499714284342
"NM_001014890_S298A,P215C",497.73782927163387
"NM_001014890_S298A,M257E",497.73782927163387
"NM_001014890_S298A,R314F",499.12064226115524
"NM_001014890_M44I,V162I",500.69042019479224
"NM_001014890_M44I,P215C",498.33152880757353
"NM_001014890_M44I,M257E",498.33152880757353
"NM_001014890_M44I,R314F",499.7143417970949
"NM_001014890_V162I,P215C",500.69042019479224
"NM_001014890_V162I,M257E",500.69042019479224
"NM_001014890_V162I,R314F",502.01662492508507
"NM_001014890_P215C,M257E",498.33152880757353
"NM_001014890_P215C,R314F",499.7143417970949
"NM_001014890_M257E,R314F",499.7143417970949
"NM_001014890_S298A,M44I,V162I",500.499714284342
"NM_001014890_S298A,M44I,P215C",497.73782927163387
"NM_001014890_S298A,M44I,M257E",497.73782927163387
"NM_001014890_S298A,M44I,R314F",499.12064226115524
"NM_001014890_S298A,V162I,P215C",500.499714284342
"NM_001014890_S298A,V162I,M257E",500.499714284342
"NM_001014890_S298A,V162I,R314F",501.82591901463485
"NM_001014890_S298A,P215C,M257E",497.73782927163387
"NM_001014890_S298A,P215C,R314F",499.12064226115524
"NM_001014890_S298A,M257E,R314F",499.12064226115524
"NM_001014890_M44I,V162I,P215C",500.69042019479224
"NM_001014890_M44I,V162I,M257E",500.69042019479224
"NM_001014890_M44I,V162I,R314F",502.01662492508507
"NM_001014890_M44I,P215C,M257E",498.33152880757353
"NM_001014890_M44I,P215C,R314F",499.7143417970949
"NM_001014890_M44I,M257E,R314F",499.7143417970949
"NM_001014890_V162I,P215C,M257E",500.69042019479224
"NM_001014890_V162I,P215C,R314F",502.01662492508507
"NM_001014890_V162I,M257E,R314F",502.01662492508507
"NM_001014890_P215C,M257E,R314F",499.7143417970949
"NM_001014890_S298A,M44I,V162I,P215C",500.499714284342
"NM_001014890_S298A,M44I,V162I,M257E",500.499714284342
"NM_001014890_S298A,M44I,V162I,R314F",501.82591901463485
"NM_001014890_S298A,M44I,P215C,M257E",497.73782927163387
"NM_001014890_S298A,M44I,P215C,R314F",499.12064226115524
"NM_001014890_S298A,M44I,M257E,R314F",499.12064226115524
"NM_001014890_S298A,V162I,P215C,M257E",500.499714284342
"NM_001014890_S298A,V162I,P215C,R314F",501.82591901463485
"NM_001014890_S298A,V162I,M257E,R314F",501.82591901463485
"NM_001014890_S298A,P215C,M257E,R314F",499.12064226115524
"NM_001014890_M44I,V162I,P215C,M257E",500.69042019479224
"NM_001014890_M44I,V162I,P215C,R314F",502.01662492508507
"NM_001014890_M44I,V162I,M257E,R314F",502.01662492508507
"NM_001014890_M44I,P215C,M257E,R314F",499.7143417970949
"NM_001014890_V162I,P215C,M257E,R314F",502.01662492508507
"NM_001014890_S298A,M44I,V162I,P215C,M257E",500.499714284342
"NM_001014890_S298A,M44I,V162I,P215C,R314F",501.82591901463485
"NM_001014890_S298A,M44I,V162I,M257E,R314F",501.82591901463485
"NM_001014890_S298A,M44I,P215C,M257E,R314F",499.12064226115524
"NM_001014890_S298A,V162I,P215C,M257E,R314F",501.82591901463485
"NM_001014890_M44I,V162I,P215C,M257E,R314F",502.01662492508507
"NM_001014890_S298A,M44I,V162I,P215C,M257E,R314F",501.82591901463485
