position,p_value
p59,6.048072156144209e-82
p61,5.297270029416495e-129
p62,3.8358212881371617e-97
p63,8.924886387916389e-148
p64,3.876153006757385e-36
p65,2.55438695980926e-81
p66,1.7177639366108865e-80
p89,5.1624650534359905e-98
p90,9.18768487026802e-91
p91,1.0621609324300993e-126
p92,2.977120454458701e-163
p93,1.6215158921871404e-82
p94,5.061684544020379e-137
p104,9.687441961645576e-95
p105,2.642976213545925e-190
p106,3.0721769865251356e-113
p107,3.2249098222212604e-158
p108,3.503684515707996e-58
p109,1.343728556671626e-65
p110,2.628169733815719e-207
p111,4.149775382617961e-33
p112,5.556454933424526e-156
p113,9.848425963552681e-43
p114,1.2720062502619493e-101
p115,6.894110558147674e-174
p116,6.8793074087582275e-105
p117,2.809882096196958e-84
p118,3.9481971439536106e-85
p119,1.5209379811104074e-141
p120,4.239421064739128e-94
p121,1.0076957415571187e-158
p123,1.93475731535695e-149
p124,7.616828304960935e-122
p127,9.418307583550841e-93
p128,4.259839452153489e-40
p131,4.624023051003264e-34
p132,7.897275592584127e-125
p133,4.9371589362081465e-127
p134,2.632559193091383e-235
p137,3.686133604362063e-32
p139,1.0743531091517503e-47
p140,7.472388154368848e-101
p141,1.459315943793697e-33
p142,1.886242971931247e-51
p144,2.4101219138774253e-115
p145,2.950176845758589e-39
p146,5.993929921644355e-45
p147,1.266446128411616e-70
p149,3.498582223092811e-119
p150,9.380561233522068e-108
p151,1.1255621761499344e-95
p152,8.596367296137297e-82
p153,3.359570652462144e-98
p154,2.5079610062766184e-81
p155,7.901634538675472e-113
p156,4.5840150101434384e-156
p157,1.7033738247270105e-170
p158,9.520845566929528e-123
p159,2.4085811514638856e-124
p160,1.3947809362532913e-173
p162,1.1372763789221936e-146
p163,9.205903910080632e-126
p164,3.099010258058183e-204
p165,2.1328157936018635e-130
p177,1.9772849318249326e-57
p178,6.098527823492879e-168
p179,3.0040866804404714e-114
p180,2.3880519233120965e-89
p181,6.852083158851734e-53
p190,7.018344896824296e-122
p191,5.813293268494041e-67
p192,3.972538408295688e-35
p193,1.857177239266661e-74
p194,1.4420932645026625e-61
p195,5.690734437228859e-165
p196,7.260998207345257e-131
p197,1.6566158678762255e-87
p198,5.646058864088358e-90
p201,6.428859488583187e-235
p202,1.5454905804902518e-86
p203,2.954889726948585e-144
p204,3.787957547065247e-157
p206,1.1159252192600622e-38
p207,6.852083158851734e-53
p208,1.9766794472636416e-182
p209,1.702537028528745e-173
p210,1.1421003835678817e-94
p211,1.284427581585634e-29
p212,4.933890182997292e-137
p213,1.7656571416595066e-44
p215,5.534105696227043e-13
p216,2.4835875117079935e-78
p218,1.4909574004158092e-99
p219,6.852083158851734e-53
p222,6.904624495637599e-116
p223,8.749235072076692e-111
p224,1.3791556069806314e-58
p225,1.163696445552402e-97
p227,6.852083158851734e-53
p235,7.393765772138269e-71
p237,3.643945882767144e-131
p238,8.69212854406267e-73
p239,7.371280861555629e-134
p240,2.9903455218300276e-114
p241,1.0819322185680035e-96
p242,1.3410333934560858e-94
p243,3.499115596625969e-69
p245,6.077283363895972e-45
p246,9.379177325679291e-197
p247,2.439854595011496e-143
p248,2.8563789135730912e-89
p249,4.2334022992176344e-120
p250,8.554575113119055e-225
p251,1.0858302398264296e-115
p252,8.149242934330323e-130
p253,1.1339178390261021e-35
p255,5.548082728461227e-175
p256,5.090200082145627e-65
p260,3.450254529766241e-42
p262,8.201230161082919e-25
p263,1.203531368264648e-48
p267,7.593063461487003e-131
p268,9.76105019795745e-68
p269,7.998669858931366e-65
p270,1.5660661622815969e-30
p273,8.160722687861161e-122
p275,9.407240984341536e-115
p276,1.0551826409839876e-75
p277,7.048729310643188e-85
p280,4.639740544979906e-217
p283,3.0991448768027417e-160
p284,3.574056406546721e-116
p285,5.896496820864359e-70
p286,4.922080761246166e-86
p287,1.4667076203907299e-64
p288,1.1564007867996637e-199
p289,6.733518668077292e-166
p290,1.1939134764446992e-198
p291,5.410938294610506e-144
p292,3.52615068753708e-87
p293,5.061759732868311e-100
p294,9.729631651982566e-148
p295,4.829034809303679e-112
p296,5.423577950914079e-43
p297,1.710606107567483e-139
p298,3.6985065433763285e-63
p300,2.342076876580021e-61
p301,1.2018856570191647e-154
p302,4.629478528672158e-112
p303,1.3933770712837578e-12
p304,2.509632958789347e-124
p305,2.2498846741590374e-78
p306,3.953985009654531e-96
p308,3.3653451644619515e-160
p309,4.6172296893852055e-135
p310,2.950176845758504e-39
p311,8.338395821440543e-108
p312,8.25399314790773e-186
p313,1.158878479752293e-37
p314,3.539518443941977e-118
p315,1.0600161252066105e-117
p316,5.366431045423596e-109
p317,1.1194421930142e-134
p318,1.5673204057510205e-43
p322,1.0438830296654412e-97
p323,1.1684392385521816e-25
p338,2.2029004609851844e-39
p340,1.5879788796904773e-74
p341,4.624023051003264e-34
p342,1.4279189320409023e-39
p343,1.317545891626678e-73
p346,3.6556787895745046e-69
p347,6.852083158851734e-53
p348,6.852083158851734e-53
p349,1.6772517138958286e-131
p350,2.7804510785903315e-68
p351,5.993929921644355e-45
p352,5.847095118245191e-68
p353,9.861129517211807e-67
p358,3.1001830764534847e-99
p359,8.395790939745142e-205
p360,4.0823119927626216e-112
p361,1.8406279993027402e-82
p362,1.5827316524381018e-143
p363,1.2041960892032502e-101
p364,1.7933334363594508e-38
p365,5.409480927073153e-114
p366,5.0833529099881744e-108
p369,1.2168282288148268e-84
p370,1.0611650400795626e-165
p371,1.560559296708679e-165
p372,6.852083158851734e-53
p373,5.715273413609388e-200
p374,1.3599653589722253e-111
p375,1.438089350970039e-192
p376,1.7808932736469458e-171
p377,8.40024252490652e-162
p379,1.4210691694591456e-213
p380,8.244514650745862e-122
p381,5.727502740253239e-143
p382,3.164921629365094e-213
p383,3.702815249588468e-119
p384,9.49532705325117e-197
p385,2.301267014495484e-136
p386,2.5201189294188536e-194
p387,4.384538573462418e-180
p388,7.368407123978693e-177
p389,2.4384039786156498e-107
p390,2.8924198483766955e-81
p391,6.852083158851734e-53
p392,5.034824228298207e-33
p393,1.8002025563596202e-87
p394,1.0911111640309556e-42
p395,5.88969204615899e-81
p397,1.4329847189069517e-36
p398,2.42128078700027e-59
p400,2.390268665073604e-63
p403,1.0733681207900386e-31
p404,5.72523809830317e-42
p405,1.5673204057510205e-43
p407,1.4074688856236095e-161
p408,7.143184299807972e-156
p409,5.863132556939147e-88
p412,1.5673204057510205e-43
p413,2.2415892428660297e-83
p414,4.543807810766678e-51
p415,1.5673204057510205e-43
p417,5.69389806059397e-141
p418,6.852083158851734e-53
p419,1.2343947879173181e-129
p420,1.1996381231416845e-137
p421,1.9036877010099054e-284
p422,3.2965504805526384e-133
p51,1.964252679106595e-179
p52,2.2229629627491638e-44
p88,2.3882682148082437e-141
p129,6.012584404565192e-109
p130,1.4893900597293638e-103
p161,2.6831328469925903e-160
p168,6.036777986691825e-103
p176,2.4537232084337847e-170
p182,7.238729757035144e-64
p183,4.9994581568825245e-65
p184,2.3055335147637666e-29
p186,1.578671560879755e-96
p187,5.847818307861168e-79
p188,1.5144260258136183e-153
p199,1.3836281651121983e-156
p221,6.852083158851734e-53
p226,2.9972132669110836e-99
p230,5.12574910369833e-147
p233,2.0694817359921567e-177
p234,8.034128185480078e-107
p265,2.069891474530308e-26
p281,1.8941061674387976e-117
p282,6.635260511705503e-126
p319,4.215579029006924e-46
p320,5.631222420353846e-18
p321,6.852083158851734e-53
p339,4.31368918805396e-25
p356,3.181838856806878e-139
p357,6.852083158851734e-53
p399,2.608170574631255e-135
p401,4.751534362826634e-47
p423,4.9527608007503975e-238
p427,3.539829612694313e-64
p432,2.9193956495649053e-152
p434,1.8069255479550012e-55
p435,3.04694257122425e-117
