,feature,Light Gradient Boosting Machine,Random Forest Regressor,Bayesian Ridge,mean_imp
194,195,1,0.503155181,0.907445821,0.803533667
115,116,0.93258427,0.003817167,0.733897854,0.55676643
406,407,0.797752809,0.999815032,0.913182033,0.903583291
244,245,0.696629213,0.002596481,0.485938068,0.395054587
162,163,0.674157303,0.026144887,1,0.566767397
128,129,0.617977528,0.996075317,0.551077236,0.721710027
50,51,0.595505618,0.998222155,0.371920631,0.655216135
245,246,0.595505618,0.994727599,0.354054926,0.648096048
160,161,0.573033708,0.995415348,0.269057908,0.612502321
233,234,0.573033708,0.994634883,0.31236985,0.62667948
376,377,0.561797753,0.995754982,0.47405525,0.677202662
118,119,0.550561798,0.994961999,0.252791684,0.599438494
154,155,0.550561798,0.994741391,0.302680584,0.615994591
236,237,0.550561798,0.99493125,0.799377582,0.781623543
370,371,0.550561798,0.999336182,0.711403544,0.753767175
358,359,0.539325843,0.996921132,0.477395872,0.671214282
197,198,0.528089888,0.589286995,0.487934817,0.5351039
248,249,0.528089888,0.498396363,0.483662778,0.503383009
282,283,0.528089888,0.994564199,0.312748753,0.611800947
301,302,0.528089888,1,0.327552268,0.618547385
311,312,0.528089888,0.022044617,0.76336265,0.437832385
178,179,0.516853933,0.499513057,0.417366826,0.477911272
246,247,0.516853933,0.503673955,0.524239541,0.514922476
339,340,0.516853933,0.001057869,0.745033039,0.420981613
164,165,0.505617978,0.497943139,0.299085308,0.434215475
187,188,0.505617978,0.995838272,0.305935437,0.602463896
297,298,0.494382022,0.002082168,0.13725688,0.211240357
133,134,0.483146067,0.994525707,0.239684055,0.572451943
232,233,0.483146067,0.994525707,0.239684055,0.572451943
378,379,0.483146067,0.995312302,0.305716987,0.594725119
386,387,0.483146067,0.994525707,0.239684055,0.572451943
58,59,0.471910112,0.994466335,0.222331155,0.562902534
62,63,0.471910112,0.994466335,0.222331155,0.562902534
111,112,0.471910112,0.994466335,0.222331155,0.562902534
113,114,0.471910112,0.994466335,0.222331155,0.562902534
114,115,0.471910112,0.994466335,0.222331155,0.562902534
120,121,0.471910112,0.994582304,0.311767593,0.592753336
139,140,0.471910112,0.994466335,0.222331155,0.562902534
155,156,0.471910112,0.994466335,0.222331155,0.562902534
156,157,0.471910112,0.994466335,0.222331155,0.562902534
157,158,0.471910112,0.499040917,0.701800108,0.557583712
158,159,0.471910112,0.995049714,0.223633782,0.563531203
159,160,0.471910112,0.994466335,0.222331155,0.562902534
163,164,0.471910112,0.994466335,0.222331155,0.562902534
196,197,0.471910112,0.994466335,0.222331155,0.562902534
201,202,0.471910112,0.994466335,0.222331155,0.562902534
222,223,0.471910112,0.994466335,0.222331155,0.562902534
238,239,0.471910112,0.994466335,0.222331155,0.562902534
249,250,0.471910112,0.994466335,0.222331155,0.562902534
254,255,0.471910112,0.994466335,0.222331155,0.562902534
266,267,0.471910112,0.994466335,0.222331155,0.562902534
274,275,0.471910112,0.994466335,0.222331155,0.562902534
283,284,0.471910112,0.994466335,0.222331155,0.562902534
287,288,0.471910112,0.994466335,0.222331155,0.562902534
289,290,0.471910112,0.994466335,0.222331155,0.562902534
290,291,0.471910112,0.994466335,0.222331155,0.562902534
307,308,0.471910112,0.994466335,0.222331155,0.562902534
313,314,0.471910112,0.994466335,0.222331155,0.562902534
314,315,0.471910112,0.994466335,0.222331155,0.562902534
348,349,0.471910112,0.994466335,0.222331155,0.562902534
374,375,0.471910112,0.994466335,0.222331155,0.562902534
375,376,0.471910112,0.994466335,0.222331155,0.562902534
379,380,0.471910112,0.994466335,0.222331155,0.562902534
380,381,0.471910112,0.994466335,0.222331155,0.562902534
384,385,0.471910112,0.994466335,0.222331155,0.562902534
387,388,0.471910112,0.994466335,0.222331155,0.562902534
420,421,0.471910112,0.994466335,0.222331155,0.562902534
200,201,0.449438202,0.498374938,0.466336899,0.471383347
251,252,0.449438202,0.517325747,0.651517027,0.539426992
372,373,0.449438202,0.527678952,0.597886759,0.525001304
419,420,0.438202247,0.497684603,0.234547003,0.390144618
175,176,0.426966292,0.498567314,0.266861032,0.39746488
150,151,0.415730337,0.568413794,0.292258076,0.425467403
288,289,0.415730337,0.497883549,0.439283778,0.450965888
434,435,0.415730337,0.497618033,0.271319639,0.394889336
91,92,0.404494382,0.502443863,0.625151882,0.510696709
153,154,0.404494382,0.498615442,0.340601264,0.414570363
182,183,0.404494382,0.002708081,0.391523711,0.266242058
362,363,0.404494382,0.498005324,0.35199648,0.418165395
381,382,0.404494382,0.522355599,0.681839859,0.536229947
177,178,0.382022472,0.498479696,0.857796531,0.5794329
296,297,0.382022472,0.050411557,0.909253515,0.447229181
300,301,0.382022472,0.497388185,0.273258718,0.384223125
308,309,0.382022472,0.497755036,0.394321334,0.424699614
422,423,0.382022472,0.497645398,0.24282626,0.37416471
152,153,0.370786517,0.498144273,0.259792963,0.376241251
303,304,0.370786517,0.500599136,0.300201949,0.390529201
132,133,0.359550562,0.003550942,0.403006323,0.255369276
237,238,0.359550562,0.002653301,0.304581214,0.222261692
105,106,0.348314607,0.498609013,0.265961958,0.370961859
280,281,0.348314607,0.501935707,0.36059816,0.403616158
365,366,0.348314607,0.000672076,0.462637441,0.270541375
247,248,0.337078652,0.49786037,0.331153493,0.388697505
279,280,0.337078652,0.498292136,0.299215438,0.378195409
281,282,0.337078652,0.497300475,0.276195611,0.370191579
399,400,0.337078652,0.499722484,0.266888604,0.36789658
407,408,0.337078652,0.498269773,0.154397761,0.329915395
112,113,0.325842697,0.001966872,0.619810818,0.315873462
131,132,0.325842697,0.000791966,0.517722262,0.281452308
189,190,0.325842697,0.49796321,0.200786239,0.341530715
202,203,0.325842697,0.498314631,0.183358164,0.335838497
229,230,0.325842697,0.498590719,0.695828725,0.506754047
60,61,0.314606742,0.501731995,0.342611209,0.386316648
90,91,0.314606742,0.497865809,0.346066017,0.386179522
104,105,0.314606742,0.110098744,0.767200949,0.397302145
167,168,0.314606742,0.498606616,0.328768434,0.380660597
190,191,0.314606742,0.004310983,0.186444223,0.168453982
211,212,0.314606742,0.497406786,0.265604099,0.359205876
161,162,0.303370787,0.497247939,0.334179349,0.378266025
176,177,0.303370787,0.000616753,0.142075476,0.148687672
241,242,0.303370787,0.498118003,0.479153885,0.426880891
293,294,0.303370787,0.498347026,0.197310027,0.33300928
355,356,0.303370787,0.498213498,0.685136547,0.495573611
148,149,0.292134831,0.497318491,0.167424845,0.318959389
198,199,0.292134831,0.499060397,0.176222905,0.322472711
215,216,0.280898876,0.000760679,0.182431048,0.154696868
388,389,0.280898876,0.001022734,0.50144734,0.261122983
108,109,0.269662921,0.000601563,0.473773563,0.248012682
151,152,0.269662921,0.497798251,0.153185629,0.306882267
385,386,0.269662921,0.499674023,0.817717,0.529017982
122,123,0.258426966,0.499446932,0.446445984,0.401439961
225,226,0.258426966,0.000528934,0.372516519,0.210490807
373,374,0.258426966,0.001558368,0.387508345,0.215831226
383,384,0.258426966,0.497505763,0.372366613,0.376099781
398,399,0.258426966,0.497412643,0.123442369,0.293093993
88,89,0.247191011,0.497292539,0.128518477,0.291000676
272,273,0.247191011,0.497292708,0.241308807,0.328597509
292,293,0.247191011,0.000841551,0.162383819,0.136805461
305,306,0.247191011,0.497292539,0.128518477,0.291000676
61,62,0.235955056,0.497233168,0.111165578,0.281451267
87,88,0.235955056,0.497233168,0.111165578,0.281451267
106,107,0.235955056,0.497245708,0.145323909,0.292841558
109,110,0.235955056,0.497233168,0.111165578,0.281451267
123,124,0.235955056,0.497233168,0.111165578,0.281451267
126,127,0.235955056,0.497233168,0.111165578,0.281451267
146,147,0.235955056,0.497233168,0.111165578,0.281451267
149,150,0.235955056,0.497233168,0.111165578,0.281451267
192,193,0.235955056,0.497233168,0.111165578,0.281451267
195,196,0.235955056,0.497233168,0.111165578,0.281451267
203,204,0.235955056,0.497233168,0.111165578,0.281451267
207,208,0.235955056,0.497233168,0.111165578,0.281451267
208,209,0.235955056,0.497233168,0.111165578,0.281451267
217,218,0.235955056,0.497233168,0.111165578,0.281451267
285,286,0.235955056,0.497233168,0.111165578,0.281451267
286,287,0.235955056,0.497233168,0.111165578,0.281451267
294,295,0.235955056,0.497233168,0.111165578,0.281451267
315,316,0.235955056,0.497233168,0.111165578,0.281451267
316,317,0.235955056,0.497233168,0.111165578,0.281451267
361,362,0.235955056,0.497233168,0.111165578,0.281451267
364,365,0.235955056,0.497233168,0.111165578,0.281451267
382,383,0.235955056,0.497233168,0.111165578,0.281451267
394,395,0.235955056,0.497233168,0.111165578,0.281451267
418,419,0.235955056,0.497233168,0.111165578,0.281451267
421,422,0.235955056,0.013619115,0.34848073,0.199351634
431,432,0.213483146,0.030050082,0.945292786,0.396275338
250,251,0.202247191,0.006228024,0.010631612,0.073035609
397,398,0.202247191,0.010690638,0.229704466,0.147547431
433,434,0.202247191,0.000715668,0.080411868,0.094458243
65,66,0.191011236,0.003848445,0.225673307,0.140177662
239,240,0.191011236,0.037508454,0.65866042,0.295726703
116,117,0.179775281,0.000632478,0.142882762,0.107763507
186,187,0.179775281,0.002159264,0.347918738,0.176617761
223,224,0.179775281,0.001782372,0.309273598,0.163610417
240,241,0.179775281,0.013854364,0.303347242,0.165658962
345,346,0.179775281,0.00296093,0.392575068,0.191770426
107,108,0.168539326,0.000437964,0.24163571,0.136871
221,222,0.168539326,0.010476679,0.226651007,0.135222337
360,361,0.168539326,0.002899951,0.324944001,0.165461093
352,353,0.157303371,0.001222921,0.170280532,0.109602275
403,404,0.157303371,0.001268478,0.220001704,0.126191184
92,93,0.146067416,0.021538345,0.233496833,0.133700865
185,186,0.146067416,0.001294252,0.542645581,0.230002416
129,130,0.123595506,0.003819101,0.055502715,0.060972441
310,311,0.112359551,0.087255726,0.456878948,0.218831408
416,417,0.101123596,0.026183537,0.689112996,0.272140043
93,94,0.08988764,0.000652756,0.343342591,0.144627662
255,256,0.08988764,0.000782271,0.188060067,0.092909993
312,313,0.08988764,0.001072632,0.102685908,0.064548727
389,390,0.08988764,0.000657694,0.136745006,0.075763447
396,397,0.08988764,0.000800003,0.158443247,0.08304363
408,409,0.08988764,0.000379537,0.062864537,0.051043905
89,90,0.078651685,0.004498827,0.231445631,0.104865381
103,104,0.078651685,0.008885513,0.167125814,0.084887671
369,370,0.078651685,0.000318173,0.258496016,0.112488625
302,303,0.06741573,9.81E-05,0.003955192,0.023823
359,360,0.06741573,0.02683303,0.176019962,0.090089574
143,144,0.056179775,0.000458766,0.00857865,0.021739064
224,225,0.056179775,8.53E-05,0.056259267,0.037508122
261,262,0.056179775,8.53E-05,0.056259267,0.037508122
426,427,0.056179775,8.53E-05,0.056259267,0.037508122
183,184,0.033707865,0.000887139,0.104774216,0.046456407
319,320,0.033707865,0.000129534,0.083217469,0.039018289
214,215,0.02247191,0.001853692,0.246830896,0.090385499
138,139,0.011235955,5.94E-05,0.017352899,0.009549409
188,189,0.011235955,5.94E-05,0.017352899,0.009549409
299,300,0.011235955,0.001088805,0.032344725,0.014889828
322,323,0.011235955,5.94E-05,0.017352899,0.009549409
351,352,0.011235955,5.94E-05,0.017352899,0.009549409
363,364,0.011235955,5.94E-05,0.017352899,0.009549409
402,403,0.011235955,5.94E-05,0.017352899,0.009549409
0,1,0,0,0,0
1,2,0,0,0,0
2,3,0,0,0,0
3,4,0,0,0,0
4,5,0,0,0,0
5,6,0,0,0,0
6,7,0,0,0,0
7,8,0,0,0,0
8,9,0,0,0,0
9,10,0,0,0,0
10,11,0,0,0,0
11,12,0,0,0,0
12,13,0,0,0,0
13,14,0,0,0,0
14,15,0,0,0,0
15,16,0,0,0,0
16,17,0,0,0,0
17,18,0,0,0,0
18,19,0,0,0,0
19,20,0,0,0,0
20,21,0,0,0,0
21,22,0,0,0,0
22,23,0,0,0,0
23,24,0,0,0,0
24,25,0,0,0,0
25,26,0,0,0,0
26,27,0,0,0,0
27,28,0,0,0,0
28,29,0,0,0,0
29,30,0,0,0,0
30,31,0,0,0,0
31,32,0,0,0,0
32,33,0,0,0,0
33,34,0,0,0,0
34,35,0,0,0,0
35,36,0,0,0,0
36,37,0,0,0,0
37,38,0,0,0,0
38,39,0,0,0,0
39,40,0,0,0,0
40,41,0,0,0,0
41,42,0,0,0,0
42,43,0,0,0,0
43,44,0,0,0,0
44,45,0,0,0,0
45,46,0,0,0,0
46,47,0,0,0,0
47,48,0,0,0,0
48,49,0,0,0,0
49,50,0,0,0,0
51,52,0,0,0,0
52,53,0,0,0,0
53,54,0,0,0,0
54,55,0,0,0,0
55,56,0,0,0,0
56,57,0,0,0,0
57,58,0,0,0,0
59,60,0,0,0,0
63,64,0,0,0,0
64,65,0,0,0,0
66,67,0,0,0,0
67,68,0,0,0,0
68,69,0,0,0,0
69,70,0,0,0,0
70,71,0,0,0,0
71,72,0,0,0,0
72,73,0,0,0,0
73,74,0,0,0,0
74,75,0,0,0,0
75,76,0,0,0,0
76,77,0,0,0,0
77,78,0,0,0,0
78,79,0,0,0,0
79,80,0,0,0,0
80,81,0,0,0,0
81,82,0,0,0,0
82,83,0,0,0,0
83,84,0,0,0,0
84,85,0,0,0,0
85,86,0,0,0,0
86,87,0,0,0,0
94,95,0,0,0,0
95,96,0,0,0,0
96,97,0,0,0,0
97,98,0,0,0,0
98,99,0,0,0,0
99,100,0,0,0,0
100,101,0,0,0,0
101,102,0,0,0,0
102,103,0,0,0,0
110,111,0,0,0,0
117,118,0,0,0,0
119,120,0,0.000776773,0.23074551,0.077174094
121,122,0,0,0,0
124,125,0,0,0,0
125,126,0,0,0,0
127,128,0,0,0,0
130,131,0,0,0,0
134,135,0,0,0,0
135,136,0,0,0,0
136,137,0,0,0,0
137,138,0,0,0,0
140,141,0,0,0,0
141,142,0,0,0,0
142,143,0,0,0,0
144,145,0,0,0,0
145,146,0,0,0,0
147,148,0,0,0,0
165,166,0,0,0,0
166,167,0,0,0,0
168,169,0,0,0,0
169,170,0,0,0,0
170,171,0,0,0,0
171,172,0,0,0,0
172,173,0,0,0,0
173,174,0,0,0,0
174,175,0,0,0,0
179,180,0,0,0,0
180,181,0,0,0,0
181,182,0,0,0,0
184,185,0,0,0,0
191,192,0,0,0,0
193,194,0,0,0,0
199,200,0,0,0,0
204,205,0,0,0,0
205,206,0,0,0,0
206,207,0,0,0,0
209,210,0,0,0,0
210,211,0,0,0,0
212,213,0,0,0,0
213,214,0,0,0,0
216,217,0,0,0,0
218,219,0,0,0,0
219,220,0,0,0,0
220,221,0,0,0,0
226,227,0,0,0,0
227,228,0,0,0,0
228,229,0,0,0,0
230,231,0,0,0,0
231,232,0,0,0,0
234,235,0,0,0,0
235,236,0,0,0,0
242,243,0,0,0,0
243,244,0,0,0,0
252,253,0,0,0,0
253,254,0,0,0,0
256,257,0,0,0,0
257,258,0,0,0,0
258,259,0,0,0,0
259,260,0,0,0,0
260,261,0,0,0,0
262,263,0,0,0,0
263,264,0,0,0,0
264,265,0,0,0,0
265,266,0,0,0,0
267,268,0,0,0,0
268,269,0,0,0,0
269,270,0,0,0,0
270,271,0,0,0,0
271,272,0,0,0,0
273,274,0,0,0,0
275,276,0,0,0,0
276,277,0,0,0,0
277,278,0,0,0,0
278,279,0,0,0,0
284,285,0,0,0,0
291,292,0,0,0,0
295,296,0,0,0,0
298,299,0,0,0,0
304,305,0,0,0,0
306,307,0,0,0,0
309,310,0,0,0,0
317,318,0,0,0,0
318,319,0,0,0,0
320,321,0,0,0,0
321,322,0,0,0,0
323,324,0,0,0,0
324,325,0,0,0,0
325,326,0,0,0,0
326,327,0,0,0,0
327,328,0,0,0,0
328,329,0,0,0,0
329,330,0,0,0,0
330,331,0,0,0,0
331,332,0,0,0,0
332,333,0,0,0,0
333,334,0,0,0,0
334,335,0,0,0,0
335,336,0,0,0,0
336,337,0,0,0,0
337,338,0,0,0,0
338,339,0,0.024602411,0.321515717,0.115372709
340,341,0,0,0,0
341,342,0,0,0,0
342,343,0,0.024602411,0.321515717,0.115372709
343,344,0,0,0,0
344,345,0,0,0,0
346,347,0,0,0,0
347,348,0,0,0,0
349,350,0,0,0,0
350,351,0,0,0,0
353,354,0,0,0,0
354,355,0,0,0,0
356,357,0,0,0,0
357,358,0,0,0,0
366,367,0,0,0,0
367,368,0,0,0,0
368,369,0,0,0,0
371,372,0,0.000776773,0.23074551,0.077174094
377,378,0,0,0,0
390,391,0,0,0,0
391,392,0,0,0,0
392,393,0,0,0,0
393,394,0,0,0,0
395,396,0,0,0,0
400,401,0,0,0,0
401,402,0,0,0,0
404,405,0,0,0,0
405,406,0,0,0,0
409,410,0,0,0,0
410,411,0,0,0,0
411,412,0,0,0,0
412,413,0,0,0,0
413,414,0,0,0,0
414,415,0,0,0,0
415,416,0,0,0,0
417,418,0,0,0,0
423,424,0,0,0,0
424,425,0,0,0,0
425,426,0,0,0,0
427,428,0,0,0,0
428,429,0,0,0,0
429,430,0,0,0,0
430,431,0,0,0,0
432,433,0,0,0,0
435,436,0,0,0,0
436,437,0,0,0,0
437,438,0,0,0,0
438,439,0,0,0,0
439,440,0,0,0,0
440,441,0,0,0,0
441,442,0,0,0,0
442,443,0,0,0,0
443,444,0,0,0,0
444,445,0,0,0,0
445,446,0,0,0,0
446,447,0,0,0,0
447,448,0,0,0,0
448,449,0,0,0,0
449,450,0,0,0,0
450,451,0,0,0,0
451,452,0,0,0,0
452,453,0,0,0,0
453,454,0,0,0,0
454,455,0,0,0,0
455,456,0,0,0,0
456,457,0,0,0,0
457,458,0,0,0,0
458,459,0,0,0,0
459,460,0,0,0,0
460,461,0,0,0,0
461,462,0,0,0,0
462,463,0,0,0,0
463,464,0,0,0,0
464,465,0,0,0,0
465,466,0,0,0,0
466,467,0,0,0,0
467,468,0,0,0,0
468,469,0,0,0,0
469,470,0,0,0,0
470,471,0,0,0,0
471,472,0,0,0,0
472,473,0,0,0,0
473,474,0,0,0,0
474,475,0,0,0,0
475,476,0,0,0,0
476,477,0,0,0,0
477,478,0,0,0,0
478,479,0,0,0,0
479,480,0,0,0,0
480,481,0,0,0,0
481,482,0,0,0,0
482,483,0,0,0,0
483,484,0,0,0,0
484,485,0,0,0,0
485,486,0,0,0,0
486,487,0,0,0,0
487,488,0,0,0,0
488,489,0,0,0,0
489,490,0,0,0,0
490,491,0,0,0,0
491,492,0,0,0,0
492,493,0,0,0,0
493,494,0,0,0,0
494,495,0,0,0,0
495,496,0,0,0,0
