feature,lgbm,gbc,rf,mean
1,0.29545454545454547,0.34015873260474055,0.3409684171780495,0.3255272317457785
2,0.2859848484848485,0.23862352904831857,0.20434102911846921,0.24298313555054543
3,0.2681818181818182,0.09930198506952986,0.05150877178519571,0.13966419167884792
4,0.29734848484848486,0.13900885122526832,0.06767903154514593,0.16801212253963302
5,0.3106060606060606,0.3377879369232234,0.34213884631684116,0.33017761461537504
6,0.5833333333333334,0.48134292715948873,0.3999849819877755,0.4882204141601992
7,0.4119318181818182,0.3962267019570678,0.323199054205623,0.3771191914481696
8,0.7272727272727273,1.0,1.0,0.9090909090909092
9,0.7272727272727273,1.0,1.0,0.9090909090909092
10,0.5075757575757576,0.4678014094026789,0.3946794866274971,0.45668555120197785
11,0.17954545454545456,0.07704027499477382,0.13368069009440384,0.13008880654487742
12,0.42045454545454547,0.3551807300876977,0.30322314224647945,0.3596194725962409
13,0.2564935064935065,0.2278580802039226,0.18977189088137883,0.2247078258596026
14,0.2840909090909091,0.1459387321693038,0.07838455223159212,0.1694713978306017
15,0.2859848484848485,0.3651911097183897,0.35870193970175357,0.33662596596833055
16,0.23863636363636365,0.258664714923241,0.27454793957079937,0.25728300604346804
17,0.45454545454545453,0.3921849033123409,0.3145658154970481,0.3870987244516145
18,0.09659090909090909,0.015847824593870723,0.03175639209346553,0.04806504192608178
19,0.32954545454545453,0.30026019987235053,0.24856534691368698,0.292790333777164
20,0.4090909090909091,0.3937091121902659,0.32338753362192085,0.37539585163436523
21,0.5416666666666666,0.5247286401206654,0.42787545267657784,0.49809025315463656
22,0.5606060606060607,0.4689429179174464,0.395180444441196,0.474909807654901
23,0.7272727272727273,1.0,1.0,0.9090909090909092
24,0.48863636363636365,0.22858278940280127,0.11009282618446972,0.27577065974121157
25,0.22443181818181818,0.2965883477391384,0.2808232296593132,0.2672811318600899
26,0.5681818181818182,0.4857218596018675,0.4067285507896465,0.4868774095244441
27,0.2840909090909091,0.3942509477981307,0.37216632043852943,0.3501693924425231
28,0.5416666666666666,0.5247286401206654,0.42787545267657784,0.49809025315463656
29,0.38920454545454547,0.35329305459324994,0.29736271530795033,0.34662010511858193
30,0.7613636363636364,0.7010769822169396,0.588148627753452,0.6835297487780094
31,0.4346590909090909,0.36701335258695217,0.3064973045822061,0.369389916026083
32,0.32007575757575757,0.27439083878891785,0.22542635994073187,0.2732976521018024
33,0.17532467532467533,0.09604413932180136,0.052325744087142335,0.10789818624453967
34,0.3795454545454545,0.29545875883329975,0.26172894676885794,0.31224438671587074
35,0.5416666666666666,0.5247286401206654,0.42787545267657784,0.49809025315463656
36,0.32954545454545453,0.28488074254380236,0.2398547406052063,0.28476031256482104
37,0.06818181818181818,0.0006410292766516152,0.008003022766483774,0.02560862340831786
38,0.2159090909090909,0.09363430044964588,0.045653265202309355,0.1183988855203487
39,0.3106060606060606,0.24853597115821993,0.22393923883350067,0.2610270901992604
40,0.019886363636363636,0.01224686838757841,0.013410519721672499,0.015181250581871517
41,0.3318181818181818,0.32170904944862916,0.2682577186741814,0.30726164998033084
42,0.1212121212121212,0.07493153483830343,0.04559678631304574,0.08058014745449012
43,0.3210227272727273,0.3144573226012198,0.33621833888132585,0.32389946291842425
44,0.36363636363636365,0.5148216330251361,0.5186355441958757,0.4656978469524584
45,0.3106060606060606,0.1950245839680675,0.09647664132987283,0.20070242863466695
46,0.4375,0.356016961421214,0.29902077883883016,0.364179246753348
47,0.14488636363636365,0.06631955094231143,0.04300117378380989,0.08473569612082832
48,0.3409090909090909,0.16318768223911165,0.07557645054164785,0.1932244078966168
49,0.06818181818181818,0.08892842342228707,0.06375842911270355,0.07362289023893627
50,0.38920454545454547,0.35341502183895956,0.30005677676269105,0.34755878135206536
51,0.28030303030303033,0.2709063175701249,0.2226451451956881,0.25795149768961445
52,0.375,0.32535632497457156,0.26329078145578294,0.32121570214345146
53,0.38863636363636367,0.2916956425725378,0.25365670360084114,0.3113295699365809
54,0.3162878787878788,0.2716819991244113,0.22091758628718203,0.2696291547331574
55,0.331439393939394,0.27129706581425134,0.21998732902842338,0.27424126292735623
56,0.08238636363636363,0.05101088814282361,0.038337868355985176,0.057245040045057476
57,0.32765151515151514,0.2721802699727034,0.2339085097097525,0.2779134316113237
58,0.28787878787878785,0.2682019749521835,0.22208910414784805,0.2593899556596065
59,0.7613636363636364,0.7010769822169396,0.588148627753452,0.6835297487780094
60,0.26136363636363635,0.12109823374875328,0.06159897328695915,0.14802028113311627
61,0.4431818181818182,0.3962016168461915,0.35485618843134586,0.3980798744864518
62,0.28084415584415584,0.21995842665929471,0.1843237077710516,0.22837543009150071
63,0.4460227272727273,0.3533241716656564,0.3155392459685563,0.37162871496898003
64,0.3977272727272727,0.30283207682159974,0.22958763618998723,0.31004899524628654
65,0.26420454545454547,0.13564318737758055,0.0781842752781777,0.1593440027034346
66,0.3538961038961039,0.2896559814078041,0.21602401809729033,0.28652536780039944
67,0.3806818181818182,0.507571073831731,0.5113185277895588,0.46652380660103593
68,0.20227272727272727,0.2193393920440597,0.22446803182228212,0.21536005037968972
69,0.3977272727272727,0.35810956494020074,0.3053928416662848,0.35374322644458606
70,0.1590909090909091,0.08803231879968068,0.07713069689033918,0.10808464159364299
71,0.38636363636363635,0.30573673238009236,0.25622288624342265,0.3161077516623838
72,0.375,0.20535357913552776,0.10242801616205205,0.22759386509919324
73,0.7954545454545454,0.40215396443387913,0.17629725550690395,0.4579685884651095
74,0.125,0.08782685128293881,0.08937390100602069,0.10073358409631983
75,0.21022727272727273,0.09320299560832677,0.09200476172386828,0.13181167668648927
76,0.3125,0.27432876150695484,0.22544499950218272,0.2707579203363792
77,0.5181818181818182,0.39780583638275735,0.3015858443866253,0.4058578329837336
78,0.7954545454545454,0.40215396443387913,0.17629725550690395,0.4579685884651095
79,0.33712121212121215,0.25172317651294884,0.21130595779870343,0.2667167821442881
80,0.2159090909090909,0.2508541852978502,0.23548554803275246,0.2340829414132312
81,0.4119318181818182,0.3962267019570678,0.323199054205623,0.3771191914481696
82,0.29261363636363635,0.27567783058319184,0.2719334607552589,0.2800749759006957
83,0.3590909090909091,0.2937054991097058,0.24747170678563638,0.30008937166208377
84,0.4630681818181818,0.40401518435164585,0.326821012121539,0.3979681260971222
85,0.49242424242424243,0.6702402958220915,0.6697232862642529,0.610795941503529
86,0.25946969696969696,0.24159699860592249,0.20489607827202627,0.23532092461588192
87,0.5189393939393939,0.4710139319920284,0.3940336071555964,0.4613289776956729
88,0.268939393939394,0.24055629236071846,0.20664914244544738,0.2387149429151866
89,0.16856060606060608,0.18070916299880635,0.1800397399767126,0.1764365030120417
90,0.3704545454545455,0.3291408006913711,0.26891102737558154,0.32283545784049933
91,0.375,0.32535632497457156,0.26329078145578294,0.32121570214345146
92,0.2905844155844156,0.23763794437303667,0.18729842713210249,0.2385069290298516
93,0.35454545454545455,0.3050992609964019,0.24947211457814655,0.3030389433733343
94,0.22727272727272727,0.041874817044587016,0.023657690456422666,0.097601744924579
95,0.21306818181818182,0.10645410270661115,0.04882130878033045,0.12278119776837448
96,0.7272727272727273,1.0,1.0,0.9090909090909092
97,0.5189393939393939,0.4710139319920284,0.3940336071555964,0.4613289776956729
98,0.48863636363636365,0.22858278940280127,0.11009282618446972,0.27577065974121157
99,0.30303030303030304,0.14138401236379167,0.06548882133857631,0.16996771224422366
100,0.13068181818181818,0.026381324293396576,0.014730628208153853,0.057264590227789534
101,0.2424242424242424,0.12501287396695604,0.21145445629371576,0.19296385756163806
102,0.29734848484848486,0.24343900959094078,0.20256834866596615,0.24778528103513062
103,0.178030303030303,0.18210901123181641,0.18297848420579566,0.18103926615597168
104,0.2532467532467532,0.2982755579294187,0.29992721786947435,0.2838165096818821
105,0.45170454545454547,0.36382192586587225,0.30898288814278735,0.3748364531544017
106,0.234375,0.18653162463234738,0.16087051911390715,0.19392571458208485
107,0.4289772727272727,0.5170499716438379,0.5079188987160115,0.48464871436237406
108,0.0,0.0,0.0,0.0
109,0.0,0.0,0.0,0.0
110,0.13068181818181818,0.026381324293396576,0.014730628208153853,0.057264590227789534
111,1.0,0.1654135865778308,0.27935421532640076,0.48158926730141055
112,0.0,0.0,0.0,0.0
113,0.08238636363636363,0.01517900681837905,0.022806035683270984,0.040123802046004554
114,0.7954545454545454,0.40215396443387913,0.17629725550690395,0.4579685884651095
115,0.4659090909090909,0.2236311317721469,0.10772104254498072,0.26575375507540616
116,0.7272727272727273,1.0,1.0,0.9090909090909092
117,0.0,0.0,0.0,0.0
118,0.44886363636363635,0.28709296018099817,0.14181317901486676,0.29258992518650045
119,0.6022727272727273,0.03229979636694482,0.08515873040855984,0.2399104180160773
120,0.11363636363636363,0.035759041547429586,0.030464389424086993,0.0599532648692934
121,0.3318181818181818,0.32294340359089485,0.265340202476274,0.30670059596178356
122,0.3224431818181818,0.25253784983752103,0.19178444272450107,0.25558849146006796
123,0.7613636363636364,0.7010769822169396,0.588148627753452,0.6835297487780094
124,0.2727272727272727,0.13529526361031152,0.06211056952710957,0.15671103528823127
125,0.2897727272727273,0.26253969845291397,0.21754819384320634,0.2566202065229492
126,0.5606060606060607,0.6806249390148623,0.6745525634854742,0.6385945210354658
127,0.5416666666666666,0.2717319201366548,0.11946602565789764,0.31095487082040635
128,0.4630681818181818,0.35338264397462066,0.3022576880277422,0.37290283794018153
129,0.21306818181818182,0.29582464746492537,0.2811965458810666,0.2633631250547246
130,0.3227272727272727,0.2856165400900773,0.24875996936225844,0.2857012607265361
131,0.2859848484848485,0.24140684089162734,0.2088604687724539,0.24541738604964325
132,0.26420454545454547,0.1211399697677361,0.060757400078740746,0.14870063843367412
133,0.3090909090909091,0.42496490102642065,0.4214447185451346,0.38516684288748815
134,0.39488636363636365,0.545688210848598,0.529124740328897,0.48989977160461956
135,0.5833333333333334,0.48134292715948873,0.3999849819877755,0.4882204141601992
136,0.7613636363636364,0.7010769822169396,0.588148627753452,0.6835297487780094
137,0.5189393939393939,0.4710139319920284,0.3940336071555964,0.4613289776956729
138,0.5189393939393939,0.4710139319920284,0.3940336071555964,0.4613289776956729
139,0.4147727272727273,0.20652089798804263,0.0910504107333945,0.2374480119980548
140,0.5833333333333334,0.48134292715948873,0.3999849819877755,0.4882204141601992
141,0.5833333333333334,0.48134292715948873,0.3999849819877755,0.4882204141601992
142,0.4147727272727273,0.20652089798804263,0.0910504107333945,0.2374480119980548
143,0.40625,0.21120975661505914,0.09891729134136105,0.23879234931880675
144,0.3727272727272727,0.29499639310241166,0.24748674327219342,0.3050701363672926
145,0.41666666666666663,0.3059836903630004,0.23301271736298867,0.31855435813088523
146,0.17857142857142858,0.07109181938263617,0.037526982583512176,0.09573007684585898
147,0.4772727272727273,0.36691844483893643,0.2795737244344086,0.37458829884869077
148,0.25681818181818183,0.2260302888208686,0.23524717503988427,0.23936521522631157
149,0.4630681818181818,0.40401518435164585,0.326821012121539,0.3979681260971222
150,0.2916666666666667,0.13023899077062712,0.1711461544123353,0.19768393728320968
151,0.15151515151515152,0.03779763337981539,0.02819548976819888,0.07250275822105527
152,0.35037878787878785,0.2443509962661099,0.21722648237806774,0.2706520888409885
153,0.13920454545454544,0.06512840674510742,0.04136789401985101,0.08190028207316796
154,0.7045454545454546,0.5999580681474854,0.7252005805972981,0.6765680344300794
155,0.3664772727272727,0.5076071253764891,0.5130077702857132,0.462364056129825
156,0.325,0.3194304930137416,0.2582097382692761,0.3008800770943392
157,0.14204545454545456,0.11906995580946471,0.07264920237046069,0.11125487090845998
158,0.42045454545454547,0.1748405225592864,0.16027939023079432,0.2518581527482087
159,0.42613636363636365,0.35975548651564704,0.30683297764018586,0.3642416092640655
160,0.38636363636363635,0.30573673238009236,0.2562228862434227,0.3161077516623838
161,0.5075757575757576,0.4772657434947171,0.40452278129955177,0.4631214274566755
162,0.19128787878787878,0.08265363263564515,0.04336708031236757,0.10576953057863052
163,0.25811688311688313,0.21422665645143443,0.1840218126483373,0.21878845073888495
164,0.3538961038961039,0.2756819233252162,0.20968873235799493,0.27975558652643834
165,0.4772727272727273,0.5209374085222935,0.5118288452282114,0.5033463270077441
166,0.26136363636363635,0.29753612576219,0.28172405878620066,0.28020794030400903
167,0.22443181818181818,0.29750792622205036,0.279293357340963,0.2670777005816105
168,0.3431818181818182,0.1644736794646375,0.07805581297691802,0.19523710354112456
169,0.2590909090909091,0.14754143672523423,0.08011371898229272,0.16224868826614536
170,0.3068181818181818,0.1274403208291161,0.06325330040453019,0.16583726768394272
171,0.07954545454545454,0.028237120043077876,0.038462019822255146,0.04874819813692919
172,0.5340909090909091,0.6678739155459201,0.6904728998297374,0.6308125748221889
173,0.08636363636363636,0.024428834064881253,0.025583392338323803,0.04545862092228047
174,0.15151515151515152,0.031106654818942134,0.04381577135790425,0.0754791925639993
175,0.22727272727272727,0.041874817044587016,0.023657690456422666,0.097601744924579
176,0.3162878787878788,0.15248684066289336,0.16032065234678128,0.20969845726585112
177,0.13257575757575757,0.04518394449584847,0.027041041627108662,0.06826691456623823
178,0.3068181818181818,0.19496893594275702,0.09759873894083072,0.19979528556725654
179,0.375,0.31639113647222666,0.3071643612727297,0.33285183258165213
180,0.48295454545454547,0.371465772502541,0.3114825063524646,0.38863427476985035
181,0.25162337662337664,0.12337826019800818,0.06316947154047187,0.1460570361206189
182,0.125,0.057194889081286414,0.039781645428496874,0.07399217816992777
183,0.15151515151515152,0.03779763337981539,0.02819548976819888,0.07250275822105527
184,0.34545454545454546,0.19745703697904293,0.09341958143789095,0.21211038795715978
185,0.18409090909090908,0.24260742774426314,0.23235461449476466,0.21968431710997896
186,0.553030303030303,0.26831631938146994,0.12019917792676388,0.3138486001128456
187,0.293560606060606,0.24343844417851151,0.20705088921889786,0.2480166464860051
188,0.29545454545454547,0.21224203778049552,0.18138905361222965,0.22969521228242354
189,0.4772727272727273,0.354579023524067,0.30426254150904763,0.37870476410194726
190,0.27462121212121215,0.2691145945084898,0.22223587707243436,0.2553238945673788
191,0.34469696969696967,0.2706675768948893,0.22125005599242678,0.2788715341947619
192,0.4431818181818182,0.36368741723618525,0.30228120118902135,0.3697168122023416
193,0.4005681818181818,0.35493231003442494,0.3006097859471708,0.3520367592665925
194,0.3087121212121212,0.106498004286063,0.06165653411369617,0.15895555320396013
195,0.1996753246753247,0.10172536208164362,0.05794520218559791,0.1197819629808554
196,0.30492424242424243,0.24817524483400671,0.2090660549368335,0.2540551807316942
197,0.41590909090909095,0.3180244037502768,0.26250982718221166,0.33214777394719314
198,0.4318181818181818,0.36783738406595734,0.3150186121003998,0.3715580593281796
199,0.13352272727272727,0.025365539061991817,0.05152248686295647,0.07013691773255852
200,0.1875,0.25801798129055153,0.26130170635260663,0.2356065625477194
201,0.4034090909090909,0.2111680205960763,0.09975886454957947,0.23811199201824892
202,0.15681818181818183,0.20888897443443952,0.22290464831936302,0.19620393485732812
203,0.2859848484848485,0.2656162995323648,0.21970258111702257,0.2571012430447453
204,0.35037878787878785,0.2765357249221072,0.2276567898670061,0.2848571008893004
205,0.3931818181818182,0.3019856454784791,0.24992938175704943,0.31503228180578224
206,0.3835227272727273,0.35936558859145273,0.3144322753676399,0.3524401970772733
207,0.2708333333333333,0.36707562407123934,0.35932519515023786,0.3324113841849368
208,0.5151515151515151,0.4683175377202023,0.3935382874452547,0.459002446772324
209,0.3159090909090909,0.15553333430709354,0.16440598799748174,0.21194947107122206
210,0.29924242424242425,0.2448159636190337,0.20671700110703875,0.2502584629894989
211,0.5606060606060607,0.6806249390148623,0.6745525634854742,0.6385945210354658
212,0.37878787878787884,0.36562881047210344,0.3558486957728194,0.3667551283442672
213,0.4848484848484848,0.6667124977241318,0.6677826524067876,0.6064478783264681
214,0.5681818181818182,0.4857218596018675,0.4067285507896465,0.4868774095244441
215,0.3522727272727273,0.4109358822229479,0.40700341524833594,0.39007067491467035
216,0.0,0.0,0.0,0.0
217,0.4318181818181818,0.36697161656796934,0.3073388777904245,0.3687095587255252
218,0.2727272727272727,0.12783428302488306,0.0772503715523753,0.1592706424348437
219,0.10227272727272728,0.17203195592811713,0.10732910252282953,0.1272112619078913
220,0.0,0.0,0.0,0.0
221,0.4659090909090909,0.3551003313643815,0.31428345118441536,0.3784309578192959
222,0.26420454545454547,0.3108875097557441,0.2920644703427509,0.28905217518434684
223,0.7272727272727273,1.0,1.0,0.9090909090909092
224,0.14393939393939392,0.07031209028918153,0.04430902246556189,0.08618683556471245
225,0.4431818181818182,0.369357823860869,0.3094772326634847,0.3740056249020573
226,0.7272727272727273,1.0,1.0,0.9090909090909092
227,0.42045454545454547,0.3551807300876977,0.30322314224647945,0.3596194725962409
228,0.3977272727272727,0.21589861524207563,0.10678417194932763,0.24013668663955867
229,0.5113636363636364,0.22201439073923307,0.0999774729816633,0.2777851666948442
230,0.23636363636363636,0.10899618641874963,0.05377052797446645,0.13304345025228415
231,0.7613636363636364,0.7010769822169396,0.588148627753452,0.6835297487780094
232,0.23295454545454544,0.2610720318702795,0.2723892759483949,0.2554719510910733
233,0.3068181818181818,0.2764185610348125,0.2723497798817959,0.2851955075782634
234,0.7613636363636364,0.7010769822169396,0.588148627753452,0.6835297487780094
235,0.5189393939393939,0.4710139319920284,0.3940336071555964,0.4613289776956729
236,0.3143939393939394,0.33937084904021436,0.33985571087399113,0.331206833102715
237,0.7272727272727273,1.0,1.0,0.9090909090909092
238,0.7272727272727273,1.0,1.0,0.9090909090909092
239,0.25757575757575757,0.3394561094182442,0.33900745219685274,0.3120131063969515
240,0.36363636363636365,0.294862615361078,0.24904581142431234,0.30251493014058467
241,0.32954545454545453,0.2873524281095199,0.24655732645982556,0.28781840303826667
242,0.30492424242424243,0.2665541452882161,0.22298488630455743,0.2648210913390053
243,0.30113636363636365,0.27490633814034704,0.2684646859346801,0.2815024625704636
244,0.34280303030303033,0.28029887320743024,0.22672371735682503,0.28327520695576186
245,0.2840909090909091,0.3483021047658115,0.34704510134084926,0.32647937173252334
246,0.16136363636363635,0.016846009306001372,0.028942829213542458,0.06905082496106006
247,0.4227272727272728,0.30125302228572526,0.25152138189749007,0.32516722563682937
248,0.2765151515151515,0.40055840732612974,0.38153339697152694,0.3528689852709361
249,0.29545454545454547,0.3510304969627179,0.35035247388927526,0.33227917210217955
250,0.42045454545454547,0.5178795207737148,0.5152321947120435,0.48452208698010124
251,0.4147727272727273,0.5860159779640586,0.5536645512614147,0.5181510854994001
252,0.2556818181818182,0.00937340111129269,0.036775225449208276,0.1006101482474397
253,0.11931818181818182,0.031028446901430255,0.023439082024338833,0.05792857024798364
254,0.2840909090909091,0.1556704222327275,0.07913473603196189,0.17296535578519948
255,0.47348484848484845,0.2101582556016062,0.11633193224597566,0.2666583454441434
256,0.0,0.0,0.0,0.0
257,0.23863636363636365,0.14894865984261932,0.0746499456955943,0.1540783230581924
258,0.4375,0.36104156866271536,0.3008257257959223,0.3664557648195459
259,0.44886363636363635,0.28709296018099817,0.14181317901486676,0.29258992518650045
260,0.07386363636363637,0.0018796199050778626,0.03738332835478727,0.03770886154116717
261,0.5303030303030303,0.26814847401338454,0.11864748941139021,0.30569966457593506
262,0.7272727272727273,1.0,1.0,0.9090909090909092
263,0.3409090909090909,0.15341442628929294,0.07500067461640722,0.18977473060493036
264,0.3125,0.2426838748867979,0.20472396926693928,0.2533026147179124
265,0.3386363636363636,0.29041733744236614,0.24754330168012342,0.29219900091961776
266,0.38863636363636367,0.28948668333676514,0.24701505512557195,0.30837936736623356
267,0.4375,0.5018108733188802,0.5357093497446059,0.4916734076878287
268,0.2784090909090909,0.11550072599615585,0.054206073426348485,0.14937196344386508
269,0.4,0.31102759709246613,0.2534522731275429,0.3214932900733364
270,0.32045454545454544,0.2847668675680877,0.24363994716064122,0.2829537867277581
271,0.25,0.10643574228757227,0.0574073323581784,0.13794769154858355
272,0.3409090909090909,0.15116843958987639,0.06923829332193189,0.18710527460696638
273,0.2784090909090909,0.11444980899226118,0.05485308966119549,0.1492373298541825
274,0.3522727272727273,0.29767475989762976,0.25377072733319384,0.30123940483451694
275,0.32196969696969696,0.15090105823445724,0.06767307558813286,0.18018127693076236
276,0.20738636363636365,0.25292648059080863,0.25378891773722884,0.23803392065480036
277,0.7272727272727273,1.0,1.0,0.9090909090909092
278,0.48863636363636365,0.204689340006158,0.09503041108449606,0.26278537157567256
279,0.48863636363636365,0.204689340006158,0.09503041108449606,0.26278537157567256
280,0.056818181818181816,0.015746572976719372,0.010974909956668173,0.02784655491718978
281,0.19318181818181818,0.09658964261966176,0.16905611442932744,0.1529425250769358
282,0.262987012987013,0.21216634095265421,0.1802498508113333,0.21846773491700014
283,0.225,0.09424814792177305,0.045108804345791925,0.12145231742252165
284,0.39488636363636365,0.35594067086059,0.2978176700648869,0.34954823485394687
285,0.2840909090909091,0.14125422781412006,0.06375689341984922,0.1630340101082928
286,0.20738636363636365,0.11070563879968817,0.055679966769725746,0.12459065640192586
287,0.22443181818181818,0.10725382715732203,0.050218204576218645,0.1273012833051196
288,0.27462121212121215,0.24059910948131374,0.20591496546003552,0.24037842902085382
289,0.2772727272727273,0.14933593720661736,0.16083516309817422,0.1958146091925063
